05/31/2016 09:45, -0.08175
05/31/2016 10:00, -0.08175
05/31/2016 10:15, -0.08233
05/31/2016 10:30, -0.085
05/31/2016 10:45, -0.08225
05/31/2016 11:00, -0.08366
05/31/2016 11:15, -0.07991
05/31/2016 11:30, -0.08458
05/31/2016 11:45, -0.08083
05/31/2016 12:00, -0.08516
05/31/2016 12:15, -0.08516
05/31/2016 12:30, -0.08225
05/31/2016 12:45, -0.08516
05/31/2016 13:00, -0.08541
05/31/2016 13:15, -0.08225
05/31/2016 13:30, -0.08458
05/31/2016 13:45, -0.08458
05/31/2016 14:00, -0.084
05/31/2016 14:15, -0.08366
05/31/2016 14:30, -0.08425
05/31/2016 14:45, -0.08625
05/31/2016 15:00, -0.088
05/31/2016 15:15, -0.086
05/31/2016 15:30, -0.08833
05/31/2016 15:45, -0.08716
05/31/2016 16:00, -0.08425
05/31/2016 16:15, -0.08425
05/31/2016 16:30, -0.08716
05/31/2016 16:45, -0.08541
05/31/2016 17:00, -0.0875
05/31/2016 17:15, -0.08691
05/31/2016 17:30, -0.08458
05/31/2016 17:45, -0.08458
05/31/2016 18:00, -0.08691
05/31/2016 18:15, -0.084
05/31/2016 18:30, -0.08516
05/31/2016 18:45, -0.08458
05/31/2016 19:00, -0.08516
05/31/2016 19:15, -0.08575
05/31/2016 19:30, -0.08358
05/31/2016 19:45, -0.08416
05/31/2016 20:00, -0.08616
05/31/2016 20:15, -0.08558
05/31/2016 20:30, -0.08591
05/31/2016 20:45, -0.08358
05/31/2016 21:00, -0.0865
05/31/2016 21:15, -0.08591
05/31/2016 21:30, -0.08508
05/31/2016 21:45, -0.0845
05/31/2016 22:00, -0.08625
05/31/2016 22:15, -0.08275
05/31/2016 22:30, -0.08508
05/31/2016 22:45, -0.088
05/31/2016 23:00, -0.08275
05/31/2016 23:15, -0.08858
05/31/2016 23:30, -0.08683
05/31/2016 23:45, -0.08425
06/01/2016 00:00, -0.08325
06/01/2016 00:15, -0.08441
06/01/2016 00:30, -0.08733
06/01/2016 00:45, -0.08358
06/01/2016 01:00, -0.08216
06/01/2016 01:15, -0.08308
06/01/2016 01:30, -0.08308
06/01/2016 01:45, -0.08191
06/01/2016 02:00, -0.086
06/01/2016 02:15, -0.08133
06/01/2016 02:30, -0.08225
06/01/2016 02:45, -0.08866
06/01/2016 03:00, -0.08258
06/01/2016 03:15, -0.0865
06/01/2016 03:30, -0.08683
06/01/2016 03:45, -0.08566
06/01/2016 04:00, -0.08683
06/01/2016 04:15, -0.08508
06/01/2016 04:30, -0.08858
06/01/2016 04:45, -0.08308
06/01/2016 05:00, -0.08425
06/01/2016 05:15, -0.08916
06/01/2016 05:30, -0.09033
06/01/2016 05:45, -0.08683
06/01/2016 06:00, -0.087
06/01/2016 06:15, -0.08408
06/01/2016 06:30, -0.08816
06/01/2016 06:45, -0.087
06/01/2016 07:00, -0.08466
06/01/2016 07:15, -0.08308
06/01/2016 07:30, -0.086
06/01/2016 07:45, -0.08833
06/01/2016 08:00, -0.08716
06/01/2016 08:15, -0.08833
06/01/2016 08:30, -0.08366
06/01/2016 08:45, -0.08308
06/01/2016 09:00, -0.08366
06/01/2016 09:15, -0.08616
06/01/2016 09:30, -0.08558
06/01/2016 09:45, -0.08541
06/01/2016 10:00, -0.08775
06/01/2016 10:15, -0.08633
06/01/2016 10:30, -0.0875
06/01/2016 10:45, -0.08316
06/01/2016 11:00, -0.08141
06/01/2016 11:15, -0.08058
06/01/2016 11:30, -0.08666
06/01/2016 11:45, -0.0855
06/01/2016 12:00, -0.0855
06/01/2016 12:15, -0.08366
06/01/2016 12:30, -0.08075
06/01/2016 12:45, -0.08116
06/01/2016 13:00, -0.08758
06/01/2016 13:15, -0.08441
06/01/2016 13:30, -0.08408
06/01/2016 13:45, -0.08491
06/01/2016 14:00, -0.08491
06/01/2016 14:15, -0.08416
06/01/2016 14:30, -0.08416
06/01/2016 14:45, -0.0865
06/01/2016 15:00, -0.08558
06/01/2016 15:15, -0.08508
06/01/2016 15:30, -0.09033
06/01/2016 15:45, -0.09033
06/01/2016 16:00, -0.08508
06/01/2016 16:15, -0.08508
06/01/2016 16:30, -0.08683
06/01/2016 16:45, -0.08866
06/01/2016 17:00, -0.08975
06/01/2016 17:15, -0.08683
06/01/2016 17:30, -0.08766
06/01/2016 17:45, -0.08733
06/01/2016 18:00, -0.08758
06/01/2016 18:15, -0.087
06/01/2016 18:30, -0.08475
06/01/2016 18:45, -0.08941
06/01/2016 19:00, -0.08558
06/01/2016 19:15, -0.087
06/01/2016 19:30, -0.08408
06/01/2016 19:45, -0.08808
06/01/2016 20:00, -0.0875
06/01/2016 20:15, -0.08716
06/01/2016 20:30, -0.086
06/01/2016 20:45, -0.086
06/01/2016 21:00, -0.08816
06/01/2016 21:15, -0.08666
06/01/2016 21:30, -0.08608
06/01/2016 21:45, -0.08675
06/01/2016 22:00, -0.08816
06/01/2016 22:15, -0.08758
06/01/2016 22:30, -0.08683
06/01/2016 22:45, -0.0845
06/01/2016 23:00, -0.0845
06/01/2016 23:15, -0.08391
06/01/2016 23:30, -0.08625
06/01/2016 23:45, -0.08566
06/02/2016 00:00, -0.08391
06/02/2016 00:15, -0.08625
06/02/2016 00:30, -0.08566
06/02/2016 00:45, -0.08566
06/02/2016 01:00, -0.08833
06/02/2016 01:15, -0.088
06/02/2016 01:30, -0.088
06/02/2016 01:45, -0.08958
06/02/2016 02:00, -0.08725
06/02/2016 02:15, -0.08941
06/02/2016 02:30, -0.08708
06/02/2016 02:45, -0.08633
06/02/2016 03:00, -0.08866
06/02/2016 03:15, -0.08808
06/02/2016 03:30, -0.08883
06/02/2016 03:45, -0.08883
06/02/2016 04:00, -0.08883
06/02/2016 04:15, -0.08966
06/02/2016 04:30, -0.0885
06/02/2016 04:45, -0.08791
06/02/2016 05:00, -0.09166
06/02/2016 05:15, -0.08816
06/02/2016 05:30, -0.08758
06/02/2016 05:45, -0.08933
06/02/2016 06:00, -0.087
06/02/2016 06:15, -0.089
06/02/2016 06:30, -0.087
06/02/2016 06:45, -0.08666
06/02/2016 07:00, -0.08783
06/02/2016 07:15, -0.08841
06/02/2016 07:30, -0.08516
06/02/2016 07:45, -0.0875
06/02/2016 08:00, -0.08808
06/02/2016 08:15, -0.086
06/02/2016 08:30, -0.08891
06/02/2016 08:45, -0.08975
06/02/2016 09:00, -0.08858
06/02/2016 09:15, -0.08858
06/02/2016 09:30, -0.09233
06/02/2016 09:45, -0.09058
06/02/2016 10:00, -0.08683
06/02/2016 10:15, -0.08508
06/02/2016 10:30, -0.08683
06/02/2016 10:45, -0.08625
06/02/2016 11:00, -0.08858
06/02/2016 11:15, -0.08975
06/02/2016 11:30, -0.08883
06/02/2016 11:45, -0.08625
06/02/2016 12:00, -0.08958
06/02/2016 12:15, -0.08725
06/02/2016 12:30, -0.08583
06/02/2016 12:45, -0.08216
06/02/2016 13:00, -0.08666
06/02/2016 13:15, -0.0865
06/02/2016 13:30, -0.08783
06/02/2016 13:45, -0.0855
06/02/2016 14:00, -0.08683
06/02/2016 14:15, -0.08508
06/02/2016 14:30, -0.08658
06/02/2016 14:45, -0.08541
06/02/2016 15:00, -0.08683
06/02/2016 15:15, -0.08541
06/02/2016 15:30, -0.086
06/02/2016 15:45, -0.08283
06/02/2016 16:00, -0.08166
06/02/2016 16:15, -0.08516
06/02/2016 16:30, -0.08691
06/02/2016 16:45, -0.08458
06/02/2016 17:00, -0.08633
06/02/2016 17:15, -0.0875
06/02/2016 17:30, -0.08575
06/02/2016 17:45, -0.08808
06/02/2016 18:00, -0.08808
06/02/2016 18:15, -0.08808
06/02/2016 18:30, -0.08808
06/02/2016 18:45, -0.0885
06/02/2016 19:00, -0.08733
06/02/2016 19:15, -0.08616
06/02/2016 19:30, -0.0885
06/02/2016 19:45, -0.085
06/02/2016 20:00, -0.08908
06/02/2016 20:15, -0.08708
06/02/2016 20:30, -0.08941
06/02/2016 20:45, -0.08533
06/02/2016 21:00, -0.08708
06/02/2016 21:15, -0.08533
06/02/2016 21:30, -0.0885
06/02/2016 21:45, -0.08791
06/02/2016 22:00, -0.08675
06/02/2016 22:15, -0.08633
06/02/2016 22:30, -0.08775
06/02/2016 22:45, -0.09066
06/02/2016 23:00, -0.08483
06/02/2016 23:15, -0.08775
06/02/2016 23:30, -0.08833
06/02/2016 23:45, -0.08775
06/03/2016 00:00, -0.08741
06/03/2016 00:15, -0.09208
06/03/2016 00:30, -0.09208
06/03/2016 00:45, -0.08658
06/03/2016 01:00, -0.09008
06/03/2016 01:15, -0.09183
06/03/2016 01:30, -0.09125
06/03/2016 01:45, -0.09275
06/03/2016 02:00, -0.09075
06/03/2016 02:15, -0.09041
06/03/2016 02:30, -0.09075
06/03/2016 02:45, -0.09075
06/03/2016 03:00, -0.087
06/03/2016 03:15, -0.08991
06/03/2016 03:30, -0.09166
06/03/2016 03:45, -0.08933
06/03/2016 04:00, -0.09258
06/03/2016 04:15, -0.09083
06/03/2016 04:30, -0.09491
06/03/2016 04:45, -0.09225
06/03/2016 05:00, -0.09225
06/03/2016 05:15, -0.095
06/03/2016 05:30, -0.09266
06/03/2016 05:45, -0.09358
06/03/2016 06:00, -0.09033
06/03/2016 06:15, -0.09166
06/03/2016 06:30, -0.09283
06/03/2016 06:45, -0.09258
06/03/2016 07:00, -0.09258
06/03/2016 07:15, -0.09458
06/03/2016 07:30, -0.09458
06/03/2016 07:45, -0.09491
06/03/2016 08:00, -0.09291
06/03/2016 08:15, -0.09491
06/03/2016 08:30, -0.09316
06/03/2016 08:45, -0.092
06/03/2016 09:00, -0.09025
06/03/2016 09:15, -0.09083
06/03/2016 09:30, -0.09116
06/03/2016 09:45, -0.08941
06/03/2016 10:00, -0.09525
06/03/2016 10:15, -0.08941
06/03/2016 10:30, -0.09175
06/03/2016 10:45, -0.09
06/03/2016 11:00, -0.09266
06/03/2016 11:15, -0.088
06/03/2016 11:30, -0.09091
06/03/2016 11:45, -0.08683
06/03/2016 12:00, -0.08916
06/03/2016 12:15, -0.08916
06/03/2016 12:30, -0.09091
06/03/2016 12:45, -0.09091
06/03/2016 13:00, -0.08858
06/03/2016 13:15, -0.089
06/03/2016 13:30, -0.08866
06/03/2016 13:45, -0.09391
06/03/2016 14:00, -0.08941
06/03/2016 14:15, -0.09175
06/03/2016 14:30, -0.09091
06/03/2016 14:45, -0.088
06/03/2016 15:00, -0.08833
06/03/2016 15:15, -0.0895
06/03/2016 15:30, -0.09166
06/03/2016 15:45, -0.09025
06/03/2016 16:00, -0.08883
06/03/2016 16:15, -0.09008
06/03/2016 16:30, -0.09025
06/03/2016 16:45, -0.09025
06/03/2016 17:00, -0.08733
06/03/2016 17:15, -0.08933
06/03/2016 17:30, -0.08658
06/03/2016 17:45, -0.08658
06/03/2016 18:00, -0.08975
06/03/2016 18:15, -0.088
06/03/2016 18:30, -0.088
06/03/2016 18:45, -0.08883
06/03/2016 19:00, -0.09025
06/03/2016 19:15, -0.09341
06/03/2016 19:30, -0.09808
06/03/2016 19:45, -0.09575
06/03/2016 20:00, -0.10008
06/03/2016 20:15, -0.09341
06/03/2016 20:30, -0.09516
06/03/2016 20:45, -0.09575
06/03/2016 21:00, -0.09166
06/03/2016 21:15, -0.09166
06/03/2016 21:30, -0.0915
06/03/2016 21:45, -0.09525
06/03/2016 22:00, -0.0935
06/03/2016 22:15, -0.09325
06/03/2016 22:30, -0.09133
06/03/2016 22:45, -0.09425
06/03/2016 23:00, -0.09191
06/03/2016 23:15, -0.0905
06/03/2016 23:30, -0.09433
06/03/2016 23:45, -0.08908
06/04/2016 00:00, -0.08825
06/04/2016 00:15, -0.092
06/04/2016 00:30, -0.09258
06/04/2016 00:45, -0.08825
06/04/2016 01:00, -0.09058
06/04/2016 01:15, -0.08941
06/04/2016 01:30, -0.09116
06/04/2016 01:45, -0.08683
06/04/2016 02:00, -0.0915
06/04/2016 02:15, -0.08466
06/04/2016 02:30, -0.09016
06/04/2016 02:45, -0.09016
06/04/2016 03:00, -0.08783
06/04/2016 03:15, -0.0875
06/04/2016 03:30, -0.0875
06/04/2016 03:45, -0.09216
06/04/2016 04:00, -0.08925
06/04/2016 04:15, -0.08866
06/04/2016 04:30, -0.09058
06/04/2016 04:45, -0.08841
06/04/2016 05:00, -0.08841
06/04/2016 05:15, -0.0935
06/04/2016 05:30, -0.09058
06/04/2016 05:45, -0.08941
06/04/2016 06:00, -0.09058
06/04/2016 06:15, -0.09025
06/04/2016 06:30, -0.09058
06/04/2016 06:45, -0.08908
06/04/2016 07:00, -0.09166
06/04/2016 07:15, -0.092
06/04/2016 07:30, -0.092
06/04/2016 07:45, -0.09166
06/04/2016 08:00, -0.08991
06/04/2016 08:15, -0.09166
06/04/2016 08:30, -0.092
06/04/2016 08:45, -0.092
06/04/2016 09:00, -0.08675
06/04/2016 09:15, -0.09025
06/04/2016 09:30, -0.08791
06/04/2016 09:45, -0.09491
06/04/2016 10:00, -0.09433
06/04/2016 10:15, -0.09258
06/04/2016 10:30, -0.09258
06/04/2016 10:45, -0.09141
06/04/2016 11:00, -0.09316
06/04/2016 11:15, -0.092
06/04/2016 11:30, -0.08991
06/04/2016 11:45, -0.092
06/04/2016 12:00, -0.08966
06/04/2016 12:15, -0.08791
06/04/2016 12:30, -0.08825
06/04/2016 12:45, -0.08791
06/04/2016 13:00, -0.08475
06/04/2016 13:15, -0.0875
06/04/2016 13:30, -0.08791
06/04/2016 13:45, -0.08925
06/04/2016 14:00, -0.08633
06/04/2016 14:15, -0.08983
06/04/2016 14:30, -0.09291
06/04/2016 14:45, -0.08941
06/04/2016 15:00, -0.08941
06/04/2016 15:15, -0.08941
06/04/2016 15:30, -0.08683
06/04/2016 15:45, -0.08916
06/04/2016 16:00, -0.0915
06/04/2016 16:15, -0.08683
06/04/2016 16:30, -0.08916
06/04/2016 16:45, -0.09383
06/04/2016 17:00, -0.08941
06/04/2016 17:15, -0.09116
06/04/2016 17:30, -0.08683
06/04/2016 17:45, -0.08916
06/04/2016 18:00, -0.08608
06/04/2016 18:15, -0.09075
06/04/2016 18:30, -0.08841
06/04/2016 18:45, -0.09075
06/04/2016 19:00, -0.087
06/04/2016 19:15, -0.087
06/04/2016 19:30, -0.09308
06/04/2016 19:45, -0.08841
06/04/2016 20:00, -0.08941
06/04/2016 20:15, -0.08741
06/04/2016 20:30, -0.08566
06/04/2016 20:45, -0.09266
06/04/2016 21:00, -0.08975
06/04/2016 21:15, -0.09066
06/04/2016 21:30, -0.08975
06/04/2016 21:45, -0.08975
06/04/2016 22:00, -0.08916
06/04/2016 22:15, -0.088
06/04/2016 22:30, -0.08975
06/04/2016 22:45, -0.09008
06/04/2016 23:00, -0.08966
06/04/2016 23:15, -0.09225
06/04/2016 23:30, -0.08791
06/04/2016 23:45, -0.0885
06/05/2016 00:00, -0.08825
06/05/2016 00:15, -0.08925
06/05/2016 00:30, -0.08808
06/05/2016 00:45, -0.08608
06/05/2016 01:00, -0.08608
06/05/2016 01:15, -0.08841
06/05/2016 01:30, -0.08875
06/05/2016 01:45, -0.08991
06/05/2016 02:00, -0.092
06/05/2016 02:15, -0.09025
06/05/2016 02:30, -0.09
06/05/2016 02:45, -0.08858
06/05/2016 03:00, -0.08683
06/05/2016 03:15, -0.09208
06/05/2016 03:30, -0.09208
06/05/2016 03:45, -0.09383
06/05/2016 04:00, -0.0915
06/05/2016 04:15, -0.09008
06/05/2016 04:30, -0.09358
06/05/2016 04:45, -0.093
06/05/2016 05:00, -0.09158
06/05/2016 05:15, -0.091
06/05/2016 05:30, -0.091
06/05/2016 05:45, -0.0875
06/05/2016 06:00, -0.0875
06/05/2016 06:15, -0.08983
06/05/2016 06:30, -0.08958
06/05/2016 06:45, -0.09075
06/05/2016 07:00, -0.08841
06/05/2016 07:15, -0.0925
06/05/2016 07:30, -0.09308
06/05/2016 07:45, -0.09283
06/05/2016 08:00, -0.09341
06/05/2016 08:15, -0.09141
06/05/2016 08:30, -0.09141
06/05/2016 08:45, -0.08966
06/05/2016 09:00, -0.092
06/05/2016 09:15, -0.09025
06/05/2016 09:30, -0.09116
06/05/2016 09:45, -0.0915
06/05/2016 10:00, -0.08741
06/05/2016 10:15, -0.08583
06/05/2016 10:30, -0.087
06/05/2016 10:45, -0.08733
06/05/2016 11:00, -0.0865
06/05/2016 11:15, -0.08958
06/05/2016 11:30, -0.08725
06/05/2016 11:45, -0.08866
06/05/2016 12:00, -0.08725
06/05/2016 12:15, -0.08666
06/05/2016 12:30, -0.09016
06/05/2016 12:45, -0.0925
06/05/2016 13:00, -0.08191
06/05/2016 13:15, -0.08775
06/05/2016 13:30, -0.08541
06/05/2016 13:45, -0.084
06/05/2016 14:00, -0.08575
06/05/2016 14:15, -0.084
06/05/2016 14:30, -0.08633
06/05/2016 14:45, -0.091
06/05/2016 15:00, -0.08691
06/05/2016 15:15, -0.08825
06/05/2016 15:30, -0.08591
06/05/2016 15:45, -0.08583
06/05/2016 16:00, -0.08641
06/05/2016 16:15, -0.08675
06/05/2016 16:30, -0.08433
06/05/2016 16:45, -0.08375
06/05/2016 17:00, -0.087
06/05/2016 17:15, -0.08875
06/05/2016 17:30, -0.08875
06/05/2016 17:45, -0.086
06/05/2016 18:00, -0.08425
06/05/2016 18:15, -0.08758
06/05/2016 18:30, -0.09025
06/05/2016 18:45, -0.092
06/05/2016 19:00, -0.08791
06/05/2016 19:15, -0.08933
06/05/2016 19:30, -0.09025
06/05/2016 19:45, -0.08825
06/05/2016 20:00, -0.08825
06/05/2016 20:15, -0.08441
06/05/2016 20:30, -0.08833
06/05/2016 20:45, -0.09066
06/05/2016 21:00, -0.08833
06/05/2016 21:15, -0.09125
06/05/2016 21:30, -0.08925
06/05/2016 21:45, -0.09125
06/05/2016 22:00, -0.08916
06/05/2016 22:15, -0.09125
06/05/2016 22:30, -0.09008
06/05/2016 22:45, -0.0895
06/05/2016 23:00, -0.08891
06/05/2016 23:15, -0.091
06/05/2016 23:30, -0.08516
06/05/2016 23:45, -0.09041
06/06/2016 00:00, -0.08708
06/06/2016 00:15, -0.08708
06/06/2016 00:30, -0.08625
06/06/2016 00:45, -0.088
06/06/2016 01:00, -0.08825
06/06/2016 01:15, -0.08883
06/06/2016 01:30, -0.08741
06/06/2016 01:45, -0.08916
06/06/2016 02:00, -0.08741
06/06/2016 02:15, -0.09191
06/06/2016 02:30, -0.09016
06/06/2016 02:45, -0.096
06/06/2016 03:00, -0.08958
06/06/2016 03:15, -0.09366
06/06/2016 03:30, -0.09016
06/06/2016 03:45, -0.09325
06/06/2016 04:00, -0.08683
06/06/2016 04:15, -0.08625
06/06/2016 04:30, -0.08683
06/06/2016 04:45, -0.09266
06/06/2016 05:00, -0.09191
06/06/2016 05:15, -0.0855
06/06/2016 05:30, -0.08916
06/06/2016 05:45, -0.0865
06/06/2016 06:00, -0.08633
06/06/2016 06:15, -0.08925
06/06/2016 06:30, -0.08691
06/06/2016 06:45, -0.08716
06/06/2016 07:00, -0.09066
06/06/2016 07:15, -0.088
06/06/2016 07:30, -0.08858
06/06/2016 07:45, -0.09033
06/06/2016 08:00, -0.08883
06/06/2016 08:15, -0.09025
06/06/2016 08:30, -0.08558
06/06/2016 08:45, -0.08908
06/06/2016 09:00, -0.094
06/06/2016 09:15, -0.08875
06/06/2016 09:30, -0.09016
06/06/2016 09:45, -0.08916
06/06/2016 10:00, -0.09216
06/06/2016 10:15, -0.09158
06/06/2016 10:30, -0.08925
06/06/2016 10:45, -0.09125
06/06/2016 11:00, -0.09066
06/06/2016 11:15, -0.09066
06/06/2016 11:30, -0.08975
06/06/2016 11:45, -0.08758
06/06/2016 12:00, -0.08875
06/06/2016 12:15, -0.08525
06/06/2016 12:30, -0.08408
06/06/2016 12:45, -0.08583
06/06/2016 13:00, -0.087
06/06/2016 13:15, -0.08741
06/06/2016 13:30, -0.08708
06/06/2016 13:45, -0.0865
06/06/2016 14:00, -0.08591
06/06/2016 14:15, -0.085
06/06/2016 14:30, -0.08558
06/06/2016 14:45, -0.08441
06/06/2016 15:00, -0.08583
06/06/2016 15:15, -0.08658
06/06/2016 15:30, -0.08366
06/06/2016 15:45, -0.088
06/06/2016 16:00, -0.08366
06/06/2016 16:15, -0.08275
06/06/2016 16:30, -0.08741
06/06/2016 16:45, -0.08808
06/06/2016 17:00, -0.0875
06/06/2016 17:15, -0.0875
06/06/2016 17:30, -0.08483
06/06/2016 17:45, -0.08483
06/06/2016 18:00, -0.086
06/06/2016 18:15, -0.088
06/06/2016 18:30, -0.08741
06/06/2016 18:45, -0.08766
06/06/2016 19:00, -0.08708
06/06/2016 19:15, -0.08791
06/06/2016 19:30, -0.0885
06/06/2016 19:45, -0.08758
06/06/2016 20:00, -0.08758
06/06/2016 20:15, -0.087
06/06/2016 20:30, -0.087
06/06/2016 20:45, -0.08433
06/06/2016 21:00, -0.09
06/06/2016 21:15, -0.09
06/06/2016 21:30, -0.08825
06/06/2016 21:45, -0.08766
06/06/2016 22:00, -0.09041
06/06/2016 22:15, -0.08866
06/06/2016 22:30, -0.08633
06/06/2016 22:45, -0.08575
06/06/2016 23:00, -0.08983
06/06/2016 23:15, -0.08866
06/06/2016 23:30, -0.09041
06/06/2016 23:45, -0.08808
06/07/2016 00:00, -0.0875
06/07/2016 00:15, -0.08575
06/07/2016 00:30, -0.08575
06/07/2016 00:45, -0.08691
06/07/2016 01:00, -0.08516
06/07/2016 01:15, -0.0875
06/07/2016 01:30, -0.08891
06/07/2016 01:45, -0.0895
06/07/2016 02:00, -0.08791
06/07/2016 02:15, -0.08816
06/07/2016 02:30, -0.08558
06/07/2016 02:45, -0.08858
06/07/2016 03:00, -0.09033
06/07/2016 03:15, -0.086
06/07/2016 03:30, -0.08891
06/07/2016 03:45, -0.088
06/07/2016 04:00, -0.088
06/07/2016 04:15, -0.088
06/07/2016 04:30, -0.08766
06/07/2016 04:45, -0.08766
06/07/2016 05:00, -0.08883
06/07/2016 05:15, -0.09083
06/07/2016 05:30, -0.08708
06/07/2016 05:45, -0.08791
06/07/2016 06:00, -0.08383
06/07/2016 06:15, -0.08208
06/07/2016 06:30, -0.08683
06/07/2016 06:45, -0.09
06/07/2016 07:00, -0.09
06/07/2016 07:15, -0.09075
06/07/2016 07:30, -0.08841
06/07/2016 07:45, -0.08666
06/07/2016 08:00, -0.088
06/07/2016 08:15, -0.08625
06/07/2016 08:30, -0.09208
06/07/2016 08:45, -0.088
06/07/2016 09:00, -0.08625
06/07/2016 09:15, -0.09308
06/07/2016 09:30, -0.09133
06/07/2016 09:45, -0.08816
06/07/2016 10:00, -0.08758
06/07/2016 10:15, -0.08816
06/07/2016 10:30, -0.08933
06/07/2016 10:45, -0.08875
06/07/2016 11:00, -0.08733
06/07/2016 11:15, -0.08808
06/07/2016 11:30, -0.08575
06/07/2016 11:45, -0.08666
06/07/2016 12:00, -0.08725
06/07/2016 12:15, -0.08291
06/07/2016 12:30, -0.08525
06/07/2016 12:45, -0.08525
06/07/2016 13:00, -0.08383
06/07/2016 13:15, -0.08441
06/07/2016 13:30, -0.08441
06/07/2016 13:45, -0.08733
06/07/2016 14:00, -0.08416
06/07/2016 14:15, -0.08625
06/07/2016 14:30, -0.07983
06/07/2016 14:45, -0.08308
06/07/2016 15:00, -0.08541
06/07/2016 15:15, -0.08383
06/07/2016 15:30, -0.08208
06/07/2016 15:45, -0.08166
06/07/2016 16:00, -0.08266
06/07/2016 16:15, -0.08266
06/07/2016 16:30, -0.08208
06/07/2016 16:45, -0.08441
06/07/2016 17:00, -0.08383
06/07/2016 17:15, -0.08283
06/07/2016 17:30, -0.08516
06/07/2016 17:45, -0.0805
06/07/2016 18:00, -0.08516
06/07/2016 18:15, -0.0805
06/07/2016 18:30, -0.0825
06/07/2016 18:45, -0.08525
06/07/2016 19:00, -0.08525
06/07/2016 19:15, -0.087
06/07/2016 19:30, -0.08666
06/07/2016 19:45, -0.08
06/07/2016 20:00, -0.08258
06/07/2016 20:15, -0.082
06/07/2016 20:30, -0.08433
06/07/2016 20:45, -0.085
06/07/2016 21:00, -0.08616
06/07/2016 21:15, -0.08383
06/07/2016 21:30, -0.08583
06/07/2016 21:45, -0.08491
06/07/2016 22:00, -0.08608
06/07/2016 22:15, -0.08633
06/07/2016 22:30, -0.08516
06/07/2016 22:45, -0.08833
06/07/2016 23:00, -0.08366
06/07/2016 23:15, -0.08541
06/07/2016 23:30, -0.08483
06/07/2016 23:45, -0.08508
06/08/2016 00:00, -0.08275
06/08/2016 00:15, -0.08508
06/08/2016 00:30, -0.0855
06/08/2016 00:45, -0.08491
06/08/2016 01:00, -0.08491
06/08/2016 01:15, -0.08841
06/08/2016 01:30, -0.08725
06/08/2016 01:45, -0.08725
06/08/2016 02:00, -0.08566
06/08/2016 02:15, -0.08741
06/08/2016 02:30, -0.08766
06/08/2016 02:45, -0.08708
06/08/2016 03:00, -0.09025
06/08/2016 03:15, -0.08983
06/08/2016 03:30, -0.08775
06/08/2016 03:45, -0.08808
06/08/2016 04:00, -0.08641
06/08/2016 04:15, -0.08875
06/08/2016 04:30, -0.08583
06/08/2016 04:45, -0.08991
06/08/2016 05:00, -0.08933
06/08/2016 05:15, -0.08758
06/08/2016 05:30, -0.08991
06/08/2016 05:45, -0.08916
06/08/2016 06:00, -0.08716
06/08/2016 06:15, -0.08858
06/08/2016 06:30, -0.08683
06/08/2016 06:45, -0.08625
06/08/2016 07:00, -0.08683
06/08/2016 07:15, -0.08675
06/08/2016 07:30, -0.0885
06/08/2016 07:45, -0.08816
06/08/2016 08:00, -0.08816
06/08/2016 08:15, -0.08891
06/08/2016 08:30, -0.08891
06/08/2016 08:45, -0.08616
06/08/2016 09:00, -0.08383
06/08/2016 09:15, -0.08675
06/08/2016 09:30, -0.0865
06/08/2016 09:45, -0.08375
06/08/2016 10:00, -0.08866
06/08/2016 10:15, -0.08808
06/08/2016 10:30, -0.08841
06/08/2016 10:45, -0.09133
06/08/2016 11:00, -0.08841
06/08/2016 11:15, -0.08491
06/08/2016 11:30, -0.0855
06/08/2016 11:45, -0.08291
06/08/2016 12:00, -0.0835
06/08/2016 12:15, -0.08175
06/08/2016 12:30, -0.08583
06/08/2016 12:45, -0.08408
06/08/2016 13:00, -0.08733
06/08/2016 13:15, -0.08733
06/08/2016 13:30, -0.08883
06/08/2016 13:45, -0.08566
06/08/2016 14:00, -0.08741
06/08/2016 14:15, -0.08391
06/08/2016 14:30, -0.08658
06/08/2016 14:45, -0.08658
06/08/2016 15:00, -0.08225
06/08/2016 15:15, -0.0875
06/08/2016 15:30, -0.08166
06/08/2016 15:45, -0.08433
06/08/2016 16:00, -0.08491
06/08/2016 16:15, -0.08725
06/08/2016 16:30, -0.08491
06/08/2016 16:45, -0.08291
06/08/2016 17:00, -0.08583
06/08/2016 17:15, -0.08641
06/08/2016 17:30, -0.08616
06/08/2016 17:45, -0.08441
06/08/2016 18:00, -0.08708
06/08/2016 18:15, -0.08358
06/08/2016 18:30, -0.08566
06/08/2016 18:45, -0.08741
06/08/2016 19:00, -0.08566
06/08/2016 19:15, -0.08566
06/08/2016 19:30, -0.081
06/08/2016 19:45, -0.08916
06/08/2016 20:00, -0.08366
06/08/2016 20:15, -0.08683
06/08/2016 20:30, -0.08508
06/08/2016 20:45, -0.08391
06/08/2016 21:00, -0.08566
06/08/2016 21:15, -0.08333
06/08/2016 21:30, -0.08591
06/08/2016 21:45, -0.08475
06/08/2016 22:00, -0.08791
06/08/2016 22:15, -0.08441
06/08/2016 22:30, -0.0885
06/08/2016 22:45, -0.08616
06/08/2016 23:00, -0.08675
06/08/2016 23:15, -0.08533
06/08/2016 23:30, -0.08566
06/08/2016 23:45, -0.088
06/09/2016 00:00, -0.088
06/09/2016 00:15, -0.08366
06/09/2016 00:30, -0.088
06/09/2016 00:45, -0.09208
06/09/2016 01:00, -0.08533
06/09/2016 01:15, -0.08925
06/09/2016 01:30, -0.08816
06/09/2016 01:45, -0.08783
06/09/2016 02:00, -0.087
06/09/2016 02:15, -0.087
06/09/2016 02:30, -0.08933
06/09/2016 02:45, -0.08875
06/09/2016 03:00, -0.08775
06/09/2016 03:15, -0.09066
06/09/2016 03:30, -0.08775
06/09/2016 03:45, -0.09241
06/09/2016 04:00, -0.093
06/09/2016 04:15, -0.08833
06/09/2016 04:30, -0.0895
06/09/2016 04:45, -0.08791
06/09/2016 05:00, -0.08966
06/09/2016 05:15, -0.09141
06/09/2016 05:30, -0.09025
06/09/2016 05:45, -0.09358
06/09/2016 06:00, -0.09183
06/09/2016 06:15, -0.09358
06/09/2016 06:30, -0.09183
06/09/2016 06:45, -0.09533
06/09/2016 07:00, -0.09058
06/09/2016 07:15, -0.09416
06/09/2016 07:30, -0.08983
06/09/2016 07:45, -0.08983
06/09/2016 08:00, -0.08841
06/09/2016 08:15, -0.09158
06/09/2016 08:30, -0.09016
06/09/2016 08:45, -0.091
06/09/2016 09:00, -0.09033
06/09/2016 09:15, -0.0925
06/09/2016 09:30, -0.09308
06/09/2016 09:45, -0.09016
06/09/2016 10:00, -0.089
06/09/2016 10:15, -0.08841
06/09/2016 10:30, -0.08508
06/09/2016 10:45, -0.08566
06/09/2016 11:00, -0.09033
06/09/2016 11:15, -0.08566
06/09/2016 11:30, -0.08466
06/09/2016 11:45, -0.08641
06/09/2016 12:00, -0.08033
06/09/2016 12:15, -0.0815
06/09/2016 12:30, -0.08408
06/09/2016 12:45, -0.08525
06/09/2016 13:00, -0.07858
06/09/2016 13:15, -0.08558
06/09/2016 13:30, -0.08225
06/09/2016 13:45, -0.08283
06/09/2016 14:00, -0.08575
06/09/2016 14:15, -0.084
06/09/2016 14:30, -0.08375
06/09/2016 14:45, -0.08141
06/09/2016 15:00, -0.08433
06/09/2016 15:15, -0.08841
06/09/2016 15:30, -0.08233
06/09/2016 15:45, -0.08391
06/09/2016 16:00, -0.0825
06/09/2016 16:15, -0.08425
06/09/2016 16:30, -0.08833
06/09/2016 16:45, -0.08541
06/09/2016 17:00, -0.08458
06/09/2016 17:15, -0.0875
06/09/2016 17:30, -0.08491
06/09/2016 17:45, -0.0875
06/09/2016 18:00, -0.08633
06/09/2016 18:15, -0.08691
06/09/2016 18:30, -0.08691
06/09/2016 18:45, -0.08925
06/09/2016 19:00, -0.08925
06/09/2016 19:15, -0.09433
06/09/2016 19:30, -0.09258
06/09/2016 19:45, -0.09083
06/09/2016 20:00, -0.092
06/09/2016 20:15, -0.08883
06/09/2016 20:30, -0.09116
06/09/2016 20:45, -0.09116
06/09/2016 21:00, -0.09291
06/09/2016 21:15, -0.09258
06/09/2016 21:30, -0.094
06/09/2016 21:45, -0.08966
06/09/2016 22:00, -0.09616
06/09/2016 22:15, -0.09266
06/09/2016 22:30, -0.09266
06/09/2016 22:45, -0.09066
06/09/2016 23:00, -0.09216
06/09/2016 23:15, -0.09216
06/09/2016 23:30, -0.09175
06/09/2016 23:45, -0.09075
06/10/2016 00:00, -0.09341
06/10/2016 00:15, -0.09158
06/10/2016 00:30, -0.0945
06/10/2016 00:45, -0.09266
06/10/2016 01:00, -0.09225
06/10/2016 01:15, -0.094
06/10/2016 01:30, -0.10041
06/10/2016 01:45, -0.09675
06/10/2016 02:00, -0.09791
06/10/2016 02:15, -0.09675
06/10/2016 02:30, -0.09675
06/10/2016 02:45, -0.09316
06/10/2016 03:00, -0.09533
06/10/2016 03:15, -0.09475
06/10/2016 03:30, -0.09566
06/10/2016 03:45, -0.098
06/10/2016 04:00, -0.09525
06/10/2016 04:15, -0.09558
06/10/2016 04:30, -0.0975
06/10/2016 04:45, -0.0995
06/10/2016 05:00, -0.10125
06/10/2016 05:15, -0.09825
06/10/2016 05:30, -0.0945
06/10/2016 05:45, -0.09741
06/10/2016 06:00, -0.09841
06/10/2016 06:15, -0.09608
06/10/2016 06:30, -0.09566
06/10/2016 06:45, -0.08958
06/10/2016 07:00, -0.09816
06/10/2016 07:15, -0.09641
06/10/2016 07:30, -0.097
06/10/2016 07:45, -0.09658
06/10/2016 08:00, -0.09541
06/10/2016 08:15, -0.09775
06/10/2016 08:30, -0.09566
06/10/2016 08:45, -0.09433
06/10/2016 09:00, -0.09891
06/10/2016 09:15, -0.09716
06/10/2016 09:30, -0.095
06/10/2016 09:45, -0.09475
06/10/2016 10:00, -0.09675
06/10/2016 10:15, -0.09433
06/10/2016 10:30, -0.09616
06/10/2016 10:45, -0.095
06/10/2016 11:00, -0.09208
06/10/2016 11:15, -0.08866
06/10/2016 11:30, -0.09175
06/10/2016 11:45, -0.0915
06/10/2016 12:00, -0.09416
06/10/2016 12:15, -0.08633
06/10/2016 12:30, -0.08858
06/10/2016 12:45, -0.08916
06/10/2016 13:00, -0.09275
06/10/2016 13:15, -0.09033
06/10/2016 13:30, -0.09225
06/10/2016 13:45, -0.09441
06/10/2016 14:00, -0.09325
06/10/2016 14:15, -0.0975
06/10/2016 14:30, -0.09358
06/10/2016 14:45, -0.09083
06/10/2016 15:00, -0.09141
06/10/2016 15:15, -0.092
06/10/2016 15:30, -0.09141
06/10/2016 15:45, -0.09433
06/10/2016 16:00, -0.092
06/10/2016 16:15, -0.08666
06/10/2016 16:30, -0.08933
06/10/2016 16:45, -0.09166
06/10/2016 17:00, -0.08875
06/10/2016 17:15, -0.092
06/10/2016 17:30, -0.09158
06/10/2016 17:45, -0.09333
06/10/2016 18:00, -0.09041
06/10/2016 18:15, -0.09125
06/10/2016 18:30, -0.0915
06/10/2016 18:45, -0.09058
06/10/2016 19:00, -0.09316
06/10/2016 19:15, -0.08983
06/10/2016 19:30, -0.091
06/10/2016 19:45, -0.09533
06/10/2016 20:00, -0.09358
06/10/2016 20:15, -0.09066
06/10/2016 20:30, -0.09275
06/10/2016 20:45, -0.09133
06/10/2016 21:00, -0.09308
06/10/2016 21:15, -0.09608
06/10/2016 21:30, -0.09433
06/10/2016 21:45, -0.09633
06/10/2016 22:00, -0.09691
06/10/2016 22:15, -0.09808
06/10/2016 22:30, -0.09691
06/10/2016 22:45, -0.0975
06/10/2016 23:00, -0.09825
06/10/2016 23:15, -0.10025
06/10/2016 23:30, -0.09791
06/10/2016 23:45, -0.095
06/11/2016 00:00, -0.09875
06/11/2016 00:15, -0.0945
06/11/2016 00:30, -0.09508
06/11/2016 00:45, -0.09433
06/11/2016 01:00, -0.0975
06/11/2016 01:15, -0.09708
06/11/2016 01:30, -0.09783
06/11/2016 01:45, -0.09725
06/11/2016 02:00, -0.09708
06/11/2016 02:15, -0.09883
06/11/2016 02:30, -0.09908
06/11/2016 02:45, -0.10258
06/11/2016 03:00, -0.09791
06/11/2016 03:15, -0.0985
06/11/2016 03:30, -0.09891
06/11/2016 03:45, -0.0995
06/11/2016 04:00, -0.09716
06/11/2016 04:15, -0.09891
06/11/2016 04:30, -0.1005
06/11/2016 04:45, -0.0995
06/11/2016 05:00, -0.10125
06/11/2016 05:15, -0.09991
06/11/2016 05:30, -0.1005
06/11/2016 05:45, -0.10075
06/11/2016 06:00, -0.09808
06/11/2016 06:15, -0.0985
06/11/2016 06:30, -0.10025
06/11/2016 06:45, -0.09733
06/11/2016 07:00, -0.09666
06/11/2016 07:15, -0.09741
06/11/2016 07:30, -0.09708
06/11/2016 07:45, -0.09475
06/11/2016 08:00, -0.09983
06/11/2016 08:15, -0.09675
06/11/2016 08:30, -0.10083
06/11/2016 08:45, -0.10041
06/11/2016 09:00, -0.09808
06/11/2016 09:15, -0.09808
06/11/2016 09:30, -0.09883
06/11/2016 09:45, -0.095
06/11/2016 10:00, -0.09733
06/11/2016 10:15, -0.09475
06/11/2016 10:30, -0.09675
06/11/2016 10:45, -0.09091
06/11/2016 11:00, -0.09216
06/11/2016 11:15, -0.09391
06/11/2016 11:30, -0.09608
06/11/2016 11:45, -0.09633
06/11/2016 12:00, -0.09716
06/11/2016 12:15, -0.09483
06/11/2016 12:30, -0.0915
06/11/2016 12:45, -0.0915
06/11/2016 13:00, -0.09041
06/11/2016 13:15, -0.09158
06/11/2016 13:30, -0.09041
06/11/2016 13:45, -0.0925
06/11/2016 14:00, -0.09216
06/11/2016 14:15, -0.09116
06/11/2016 14:30, -0.09525
06/11/2016 14:45, -0.09258
06/11/2016 15:00, -0.09416
06/11/2016 15:15, -0.09125
06/11/2016 15:30, -0.0905
06/11/2016 15:45, -0.0905
06/11/2016 16:00, -0.094
06/11/2016 16:15, -0.08991
06/11/2016 16:30, -0.0905
06/11/2016 16:45, -0.09033
06/11/2016 17:00, -0.09208
06/11/2016 17:15, -0.09383
06/11/2016 17:30, -0.09383
06/11/2016 17:45, -0.09033
06/11/2016 18:00, -0.0935
06/11/2016 18:15, -0.09175
06/11/2016 18:30, -0.09466
06/11/2016 18:45, -0.09175
06/11/2016 19:00, -0.09241
06/11/2016 19:15, -0.09358
06/11/2016 19:30, -0.09125
06/11/2016 19:45, -0.09616
06/11/2016 20:00, -0.09266
06/11/2016 20:15, -0.09675
06/11/2016 20:30, -0.09466
06/11/2016 20:45, -0.097
06/11/2016 21:00, -0.10058
06/11/2016 21:15, -0.09766
06/11/2016 21:30, -0.09691
06/11/2016 21:45, -0.09866
06/11/2016 22:00, -0.09558
06/11/2016 22:15, -0.09733
06/11/2016 22:30, -0.09875
06/11/2016 22:45, -0.09675
06/11/2016 23:00, -0.09816
06/11/2016 23:15, -0.10008
06/11/2016 23:30, -0.09683
06/11/2016 23:45, -0.098
06/12/2016 00:00, -0.1015
06/12/2016 00:15, -0.1015
06/12/2016 00:30, -0.09858
06/12/2016 00:45, -0.10291
06/12/2016 01:00, -0.101
06/12/2016 01:15, -0.10533
06/12/2016 01:30, -0.10491
06/12/2016 01:45, -0.1045
06/12/2016 02:00, -0.1035
06/12/2016 02:15, -0.1
06/12/2016 02:30, -0.10508
06/12/2016 02:45, -0.10116
06/12/2016 03:00, -0.102
06/12/2016 03:15, -0.102
06/12/2016 03:30, -0.10491
06/12/2016 03:45, -0.09958
06/12/2016 04:00, -0.10133
06/12/2016 04:15, -0.10191
06/12/2016 04:30, -0.10366
06/12/2016 04:45, -0.10158
06/12/2016 05:00, -0.09966
06/12/2016 05:15, -0.10183
06/12/2016 05:30, -0.10266
06/12/2016 05:45, -0.10266
06/12/2016 06:00, -0.10325
06/12/2016 06:15, -0.09933
06/12/2016 06:30, -0.10166
06/12/2016 06:45, -0.10033
06/12/2016 07:00, -0.10183
06/12/2016 07:15, -0.1015
06/12/2016 07:30, -0.09966
06/12/2016 07:45, -0.10108
06/12/2016 08:00, -0.102
06/12/2016 08:15, -0.10091
06/12/2016 08:30, -0.1025
06/12/2016 08:45, -0.10391
06/12/2016 09:00, -0.0975
06/12/2016 09:15, -0.09783
06/12/2016 09:30, -0.09741
06/12/2016 09:45, -0.1015
06/12/2016 10:00, -0.09825
06/12/2016 10:15, -0.09825
06/12/2016 10:30, -0.10116
06/12/2016 10:45, -0.09683
06/12/2016 11:00, -0.098
06/12/2016 11:15, -0.09941
06/12/2016 11:30, -0.09658
06/12/2016 11:45, -0.0975
06/12/2016 12:00, -0.09725
06/12/2016 12:15, -0.10166
06/12/2016 12:30, -0.10166
06/12/2016 12:45, -0.09983
06/12/2016 13:00, -0.09608
06/12/2016 13:15, -0.09825
06/12/2016 13:30, -0.09775
06/12/2016 13:45, -0.09875
06/12/2016 14:00, -0.1005
06/12/2016 14:15, -0.10108
06/12/2016 14:30, -0.10375
06/12/2016 14:45, -0.1025
06/12/2016 15:00, -0.10108
06/12/2016 15:15, -0.10141
06/12/2016 15:30, -0.09883
06/12/2016 15:45, -0.09975
06/12/2016 16:00, -0.10375
06/12/2016 16:15, -0.10058
06/12/2016 16:30, -0.10091
06/12/2016 16:45, -0.09858
06/12/2016 17:00, -0.1015
06/12/2016 17:15, -0.09716
06/12/2016 17:30, -0.10008
06/12/2016 17:45, -0.101
06/12/2016 18:00, -0.10333
06/12/2016 18:15, -0.10375
06/12/2016 18:30, -0.0995
06/12/2016 18:45, -0.09866
06/12/2016 19:00, -0.102
06/12/2016 19:15, -0.10466
06/12/2016 19:30, -0.10525
06/12/2016 19:45, -0.101
06/12/2016 20:00, -0.10283
06/12/2016 20:15, -0.108
06/12/2016 20:30, -0.10466
06/12/2016 20:45, -0.10666
06/12/2016 21:00, -0.11316
06/12/2016 21:15, -0.10791
06/12/2016 21:30, -0.10791
06/12/2016 21:45, -0.10575
06/12/2016 22:00, -0.11091
06/12/2016 22:15, -0.10741
06/12/2016 22:30, -0.10391
06/12/2016 22:45, -0.10541
06/12/2016 23:00, -0.10033
06/12/2016 23:15, -0.10008
06/12/2016 23:30, -0.10333
06/12/2016 23:45, -0.10133
06/13/2016 00:00, -0.10275
06/13/2016 00:15, -0.10416
06/13/2016 00:30, -0.10241
06/13/2016 00:45, -0.10008
06/13/2016 01:00, -0.10008
06/13/2016 01:15, -0.10066
06/13/2016 01:30, -0.10066
06/13/2016 01:45, -0.10241
06/13/2016 02:00, -0.098
06/13/2016 02:15, -0.09575
06/13/2016 02:30, -0.09575
06/13/2016 02:45, -0.0995
06/13/2016 03:00, -0.09633
06/13/2016 03:15, -0.09541
06/13/2016 03:30, -0.09316
06/13/2016 03:45, -0.09316
06/13/2016 04:00, -0.09633
06/13/2016 04:15, -0.09691
06/13/2016 04:30, -0.09316
06/13/2016 04:45, -0.095
06/13/2016 05:00, -0.09558
06/13/2016 05:15, -0.09433
06/13/2016 05:30, -0.09408
06/13/2016 05:45, -0.0955
06/13/2016 06:00, -0.09258
06/13/2016 06:15, -0.09533
06/13/2016 06:30, -0.09825
06/13/2016 06:45, -0.09216
06/13/2016 07:00, -0.09508
06/13/2016 07:15, -0.09291
06/13/2016 07:30, -0.0935
06/13/2016 07:45, -0.0935
06/13/2016 08:00, -0.09233
06/13/2016 08:15, -0.09433
06/13/2016 08:30, -0.092
06/13/2016 08:45, -0.0955
06/13/2016 09:00, -0.0955
06/13/2016 09:15, -0.09608
06/13/2016 09:30, -0.09408
06/13/2016 09:45, -0.09333
06/13/2016 10:00, -0.09425
06/13/2016 10:15, -0.09366
06/13/2016 10:30, -0.096
06/13/2016 10:45, -0.09541
06/13/2016 11:00, -0.09425
06/13/2016 11:15, -0.09425
06/13/2016 11:30, -0.09658
06/13/2016 11:45, -0.0905
06/13/2016 12:00, -0.09225
06/13/2016 12:15, -0.09266
06/13/2016 12:30, -0.093
06/13/2016 12:45, -0.09125
06/13/2016 13:00, -0.09416
06/13/2016 13:15, -0.091
06/13/2016 13:30, -0.08725
06/13/2016 13:45, -0.09216
06/13/2016 14:00, -0.092
06/13/2016 14:15, -0.09041
06/13/2016 14:30, -0.09216
06/13/2016 14:45, -0.08891
06/13/2016 15:00, -0.09216
06/13/2016 15:15, -0.09158
06/13/2016 15:30, -0.08866
06/13/2016 15:45, -0.09116
06/13/2016 16:00, -0.09058
06/13/2016 16:15, -0.0955
06/13/2016 16:30, -0.08958
06/13/2016 16:45, -0.09075
06/13/2016 17:00, -0.09016
06/13/2016 17:15, -0.0925
06/13/2016 17:30, -0.086
06/13/2016 17:45, -0.09033
06/13/2016 18:00, -0.08833
06/13/2016 18:15, -0.08833
06/13/2016 18:30, -0.08758
06/13/2016 18:45, -0.08658
06/13/2016 19:00, -0.0895
06/13/2016 19:15, -0.09066
06/13/2016 19:30, -0.0895
06/13/2016 19:45, -0.09066
06/13/2016 20:00, -0.09066
06/13/2016 20:15, -0.08791
06/13/2016 20:30, -0.09025
06/13/2016 20:45, -0.09225
06/13/2016 21:00, -0.087
06/13/2016 21:15, -0.08991
06/13/2016 21:30, -0.088
06/13/2016 21:45, -0.089
06/13/2016 22:00, -0.08841
06/13/2016 22:15, -0.08566
06/13/2016 22:30, -0.08708
06/13/2016 22:45, -0.09008
06/13/2016 23:00, -0.09283
06/13/2016 23:15, -0.09141
06/13/2016 23:30, -0.09066
06/13/2016 23:45, -0.0895
06/14/2016 00:00, -0.08775
06/14/2016 00:15, -0.08916
06/14/2016 00:30, -0.09091
06/14/2016 00:45, -0.08716
06/14/2016 01:00, -0.0875
06/14/2016 01:15, -0.08908
06/14/2016 01:30, -0.08941
06/14/2016 01:45, -0.08825
06/14/2016 02:00, -0.08916
06/14/2016 02:15, -0.08916
06/14/2016 02:30, -0.08975
06/14/2016 02:45, -0.08633
06/14/2016 03:00, -0.08983
06/14/2016 03:15, -0.09116
06/14/2016 03:30, -0.08883
06/14/2016 03:45, -0.08766
06/14/2016 04:00, -0.08841
06/14/2016 04:15, -0.08958
06/14/2016 04:30, -0.0925
06/14/2016 04:45, -0.09016
06/14/2016 05:00, -0.089
06/14/2016 05:15, -0.09133
06/14/2016 05:30, -0.09366
06/14/2016 05:45, -0.086
06/14/2016 06:00, -0.088
06/14/2016 06:15, -0.08975
06/14/2016 06:30, -0.08916
06/14/2016 06:45, -0.09058
06/14/2016 07:00, -0.08966
06/14/2016 07:15, -0.09083
06/14/2016 07:30, -0.08941
06/14/2016 07:45, -0.08941
06/14/2016 08:00, -0.08941
06/14/2016 08:15, -0.08766
06/14/2016 08:30, -0.08841
06/14/2016 08:45, -0.09041
06/14/2016 09:00, -0.08841
06/14/2016 09:15, -0.089
06/14/2016 09:30, -0.09108
06/14/2016 09:45, -0.0905
06/14/2016 10:00, -0.08758
06/14/2016 10:15, -0.08758
06/14/2016 10:30, -0.08733
06/14/2016 10:45, -0.08875
06/14/2016 11:00, -0.08741
06/14/2016 11:15, -0.08683
06/14/2016 11:30, -0.0915
06/14/2016 11:45, -0.09208
06/14/2016 12:00, -0.08933
06/14/2016 12:15, -0.08616
06/14/2016 12:30, -0.08883
06/14/2016 12:45, -0.08883
06/14/2016 13:00, -0.08508
06/14/2016 13:15, -0.08883
06/14/2016 13:30, -0.08841
06/14/2016 13:45, -0.08841
06/14/2016 14:00, -0.08666
06/14/2016 14:15, -0.09016
06/14/2016 14:30, -0.08983
06/14/2016 14:45, -0.08491
06/14/2016 15:00, -0.08433
06/14/2016 15:15, -0.08466
06/14/2016 15:30, -0.087
06/14/2016 15:45, -0.08558
06/14/2016 16:00, -0.08516
06/14/2016 16:15, -0.08516
06/14/2016 16:30, -0.08375
06/14/2016 16:45, -0.087
06/14/2016 17:00, -0.08466
06/14/2016 17:15, -0.08433
06/14/2016 17:30, -0.08425
06/14/2016 17:45, -0.088
06/14/2016 18:00, -0.08566
06/14/2016 18:15, -0.08833
06/14/2016 18:30, -0.08483
06/14/2016 18:45, -0.08833
06/14/2016 19:00, -0.08658
06/14/2016 19:15, -0.08833
06/14/2016 19:30, -0.085
06/14/2016 19:45, -0.08733
06/14/2016 20:00, -0.08358
06/14/2016 20:15, -0.08733
06/14/2016 20:30, -0.0855
06/14/2016 20:45, -0.08666
06/14/2016 21:00, -0.08141
06/14/2016 21:15, -0.08408
06/14/2016 21:30, -0.0925
06/14/2016 21:45, -0.08375
06/14/2016 22:00, -0.08841
06/14/2016 22:15, -0.08666
06/14/2016 22:30, -0.08841
06/14/2016 22:45, -0.087
06/14/2016 23:00, -0.08733
06/14/2016 23:15, -0.08558
06/14/2016 23:30, -0.08733
06/14/2016 23:45, -0.08358
06/15/2016 00:00, -0.08591
06/15/2016 00:15, -0.08825
06/15/2016 00:30, -0.08416
06/15/2016 00:45, -0.0865
06/15/2016 01:00, -0.08691
06/15/2016 01:15, -0.08983
06/15/2016 01:30, -0.08658
06/15/2016 01:45, -0.08775
06/15/2016 02:00, -0.08425
06/15/2016 02:15, -0.08775
06/15/2016 02:30, -0.08916
06/15/2016 02:45, -0.08975
06/15/2016 03:00, -0.0915
06/15/2016 03:15, -0.08775
06/15/2016 03:30, -0.08975
06/15/2016 03:45, -0.0915
06/15/2016 04:00, -0.08858
06/15/2016 04:15, -0.08941
06/15/2016 04:30, -0.08941
06/15/2016 04:45, -0.08966
06/15/2016 05:00, -0.08675
06/15/2016 05:15, -0.08733
06/15/2016 05:30, -0.08525
06/15/2016 05:45, -0.08233
06/15/2016 06:00, -0.08666
06/15/2016 06:15, -0.0855
06/15/2016 06:30, -0.089
06/15/2016 06:45, -0.08725
06/15/2016 07:00, -0.08516
06/15/2016 07:15, -0.08866
06/15/2016 07:30, -0.08633
06/15/2016 07:45, -0.08658
06/15/2016 08:00, -0.086
06/15/2016 08:15, -0.08508
06/15/2016 08:30, -0.08566
06/15/2016 08:45, -0.0865
06/15/2016 09:00, -0.08475
06/15/2016 09:15, -0.0865
06/15/2016 09:30, -0.08416
06/15/2016 09:45, -0.08591
06/15/2016 10:00, -0.08533
06/15/2016 10:15, -0.08791
06/15/2016 10:30, -0.085
06/15/2016 10:45, -0.08383
06/15/2016 11:00, -0.08383
06/15/2016 11:15, -0.08616
06/15/2016 11:30, -0.08558
06/15/2016 11:45, -0.08775
06/15/2016 12:00, -0.08741
06/15/2016 12:15, -0.08883
06/15/2016 12:30, -0.08908
06/15/2016 12:45, -0.08758
06/15/2016 13:00, -0.08725
06/15/2016 13:15, -0.08808
06/15/2016 13:30, -0.08341
06/15/2016 13:45, -0.08283
06/15/2016 14:00, -0.08833
06/15/2016 14:15, -0.08566
06/15/2016 14:30, -0.083
06/15/2016 14:45, -0.08441
06/15/2016 15:00, -0.08508
06/15/2016 15:15, -0.08416
06/15/2016 15:30, -0.08383
06/15/2016 15:45, -0.08733
06/15/2016 16:00, -0.08758
06/15/2016 16:15, -0.08258
06/15/2016 16:30, -0.086
06/15/2016 16:45, -0.08483
06/15/2016 17:00, -0.08041
06/15/2016 17:15, -0.08116
06/15/2016 17:30, -0.08116
06/15/2016 17:45, -0.0785
06/15/2016 18:00, -0.08025
06/15/2016 18:15, -0.08133
06/15/2016 18:30, -0.08075
06/15/2016 18:45, -0.08041
06/15/2016 19:00, -0.08216
06/15/2016 19:15, -0.08125
06/15/2016 19:30, -0.07975
06/15/2016 19:45, -0.08408
06/15/2016 20:00, -0.08291
06/15/2016 20:15, -0.08291
06/15/2016 20:30, -0.08375
06/15/2016 20:45, -0.08225
06/15/2016 21:00, -0.08191
06/15/2016 21:15, -0.08133
06/15/2016 21:30, -0.08508
06/15/2016 21:45, -0.07808
06/15/2016 22:00, -0.08125
06/15/2016 22:15, -0.0815
06/15/2016 22:30, -0.08091
06/15/2016 22:45, -0.07875
06/15/2016 23:00, -0.0825
06/15/2016 23:15, -0.0825
06/15/2016 23:30, -0.08075
06/15/2016 23:45, -0.08391
06/16/2016 00:00, -0.08333
06/16/2016 00:15, -0.07925
06/16/2016 00:30, -0.08333
06/16/2016 00:45, -0.083
06/16/2016 01:00, -0.08241
06/16/2016 01:15, -0.07775
06/16/2016 01:30, -0.08258
06/16/2016 01:45, -0.08025
06/16/2016 02:00, -0.08258
06/16/2016 02:15, -0.084
06/16/2016 02:30, -0.08341
06/16/2016 02:45, -0.08575
06/16/2016 03:00, -0.08341
06/16/2016 03:15, -0.0825
06/16/2016 03:30, -0.08075
06/16/2016 03:45, -0.08216
06/16/2016 04:00, -0.08216
06/16/2016 04:15, -0.08358
06/16/2016 04:30, -0.081
06/16/2016 04:45, -0.08066
06/16/2016 05:00, -0.07916
06/16/2016 05:15, -0.07975
06/16/2016 05:30, -0.07941
06/16/2016 05:45, -0.07941
06/16/2016 06:00, -0.08316
06/16/2016 06:15, -0.08141
06/16/2016 06:30, -0.08083
06/16/2016 06:45, -0.0805
06/16/2016 07:00, -0.07958
06/16/2016 07:15, -0.08541
06/16/2016 07:30, -0.07958
06/16/2016 07:45, -0.079
06/16/2016 08:00, -0.08216
06/16/2016 08:15, -0.08041
06/16/2016 08:30, -0.08008
06/16/2016 08:45, -0.0795
06/16/2016 09:00, -0.08091
06/16/2016 09:15, -0.08266
06/16/2016 09:30, -0.08091
06/16/2016 09:45, -0.08033
06/16/2016 10:00, -0.07916
06/16/2016 10:15, -0.08325
06/16/2016 10:30, -0.0815
06/16/2016 10:45, -0.07975
06/16/2016 11:00, -0.08033
06/16/2016 11:15, -0.07608
06/16/2016 11:30, -0.08266
06/16/2016 11:45, -0.07575
06/16/2016 12:00, -0.07808
06/16/2016 12:15, -0.07783
06/16/2016 12:30, -0.07983
06/16/2016 12:45, -0.07866
06/16/2016 13:00, -0.07608
06/16/2016 13:15, -0.08075
06/16/2016 13:30, -0.07841
06/16/2016 13:45, -0.079
06/16/2016 14:00, -0.07991
06/16/2016 14:15, -0.077
06/16/2016 14:30, -0.07466
06/16/2016 14:45, -0.07966
06/16/2016 15:00, -0.08025
06/16/2016 15:15, -0.08025
06/16/2016 15:30, -0.07791
06/16/2016 15:45, -0.08025
06/16/2016 16:00, -0.08025
06/16/2016 16:15, -0.07966
06/16/2016 16:30, -0.07966
06/16/2016 16:45, -0.082
06/16/2016 17:00, -0.08258
06/16/2016 17:15, -0.07933
06/16/2016 17:30, -0.08225
06/16/2016 17:45, -0.08108
06/16/2016 18:00, -0.08133
06/16/2016 18:15, -0.0825
06/16/2016 18:30, -0.07783
06/16/2016 18:45, -0.07958
06/16/2016 19:00, -0.0755
06/16/2016 19:15, -0.07808
06/16/2016 19:30, -0.08333
06/16/2016 19:45, -0.07575
06/16/2016 20:00, -0.08333
06/16/2016 20:15, -0.08125
06/16/2016 20:30, -0.08358
06/16/2016 20:45, -0.08358
06/16/2016 21:00, -0.08508
06/16/2016 21:15, -0.08158
06/16/2016 21:30, -0.08358
06/16/2016 21:45, -0.08358
06/16/2016 22:00, -0.085
06/16/2016 22:15, -0.085
06/16/2016 22:30, -0.08266
06/16/2016 22:45, -0.08641
06/16/2016 23:00, -0.0835
06/16/2016 23:15, -0.08191
06/16/2016 23:30, -0.07783
06/16/2016 23:45, -0.08008
06/17/2016 00:00, -0.08241
06/17/2016 00:15, -0.08441
06/17/2016 00:30, -0.08616
06/17/2016 00:45, -0.0815
06/17/2016 01:00, -0.08525
06/17/2016 01:15, -0.083
06/17/2016 01:30, -0.083
06/17/2016 01:45, -0.0825
06/17/2016 02:00, -0.08625
06/17/2016 02:15, -0.08216
06/17/2016 02:30, -0.08391
06/17/2016 02:45, -0.08216
06/17/2016 03:00, -0.08341
06/17/2016 03:15, -0.08575
06/17/2016 03:30, -0.08825
06/17/2016 03:45, -0.0845
06/17/2016 04:00, -0.08091
06/17/2016 04:15, -0.08258
06/17/2016 04:30, -0.0855
06/17/2016 04:45, -0.0855
06/17/2016 05:00, -0.08308
06/17/2016 05:15, -0.08625
06/17/2016 05:30, -0.08625
06/17/2016 05:45, -0.08625
06/17/2016 06:00, -0.08333
06/17/2016 06:15, -0.0825
06/17/2016 06:30, -0.083
06/17/2016 06:45, -0.08325
06/17/2016 07:00, -0.08475
06/17/2016 07:15, -0.08675
06/17/2016 07:30, -0.08625
06/17/2016 07:45, -0.08625
06/17/2016 08:00, -0.08608
06/17/2016 08:15, -0.0855
06/17/2016 08:30, -0.08375
06/17/2016 08:45, -0.0855
06/17/2016 09:00, -0.08441
06/17/2016 09:15, -0.08383
06/17/2016 09:30, -0.0855
06/17/2016 09:45, -0.07966
06/17/2016 10:00, -0.08716
06/17/2016 10:15, -0.08283
06/17/2016 10:30, -0.0875
06/17/2016 10:45, -0.083
06/17/2016 11:00, -0.08675
06/17/2016 11:15, -0.0855
06/17/2016 11:30, -0.08283
06/17/2016 11:45, -0.07816
06/17/2016 12:00, -0.0855
06/17/2016 12:15, -0.08541
06/17/2016 12:30, -0.0825
06/17/2016 12:45, -0.08375
06/17/2016 13:00, -0.07916
06/17/2016 13:15, -0.084
06/17/2016 13:30, -0.085
06/17/2016 13:45, -0.08391
06/17/2016 14:00, -0.08466
06/17/2016 14:15, -0.08358
06/17/2016 14:30, -0.08591
06/17/2016 14:45, -0.08775
06/17/2016 15:00, -0.0855
06/17/2016 15:15, -0.08733
06/17/2016 15:30, -0.08733
06/17/2016 15:45, -0.086
06/17/2016 16:00, -0.08466
06/17/2016 16:15, -0.0885
06/17/2016 16:30, -0.08558
06/17/2016 16:45, -0.08908
06/17/2016 17:00, -0.08441
06/17/2016 17:15, -0.084
06/17/2016 17:30, -0.08458
06/17/2016 17:45, -0.08283
06/17/2016 18:00, -0.085
06/17/2016 18:15, -0.08675
06/17/2016 18:30, -0.08391
06/17/2016 18:45, -0.0865
06/17/2016 19:00, -0.08558
06/17/2016 19:15, -0.08616
06/17/2016 19:30, -0.084
06/17/2016 19:45, -0.08458
06/17/2016 20:00, -0.087
06/17/2016 20:15, -0.08175
06/17/2016 20:30, -0.08483
06/17/2016 20:45, -0.08425
06/17/2016 21:00, -0.085
06/17/2016 21:15, -0.08641
06/17/2016 21:30, -0.08658
06/17/2016 21:45, -0.088
06/17/2016 22:00, -0.08825
06/17/2016 22:15, -0.085
06/17/2016 22:30, -0.08616
06/17/2016 22:45, -0.08316
06/17/2016 23:00, -0.08291
06/17/2016 23:15, -0.08783
06/17/2016 23:30, -0.08725
06/17/2016 23:45, -0.08866
06/18/2016 00:00, -0.093
06/18/2016 00:15, -0.09008
06/18/2016 00:30, -0.08483
06/18/2016 00:45, -0.09041
06/18/2016 01:00, -0.08516
06/18/2016 01:15, -0.09175
06/18/2016 01:30, -0.085
06/18/2016 01:45, -0.08875
06/18/2016 02:00, -0.08608
06/18/2016 02:15, -0.08608
06/18/2016 02:30, -0.08516
06/18/2016 02:45, -0.08758
06/18/2016 03:00, -0.09016
06/18/2016 03:15, -0.08583
06/18/2016 03:30, -0.08725
06/18/2016 03:45, -0.08508
06/18/2016 04:00, -0.08625
06/18/2016 04:15, -0.0865
06/18/2016 04:30, -0.0865
06/18/2016 04:45, -0.08483
06/18/2016 05:00, -0.08625
06/18/2016 05:15, -0.08591
06/18/2016 05:30, -0.083
06/18/2016 05:45, -0.08933
06/18/2016 06:00, -0.08875
06/18/2016 06:15, -0.08691
06/18/2016 06:30, -0.08475
06/18/2016 06:45, -0.08416
06/18/2016 07:00, -0.08691
06/18/2016 07:15, -0.09125
06/18/2016 07:30, -0.08833
06/18/2016 07:45, -0.08833
06/18/2016 08:00, -0.08708
06/18/2016 08:15, -0.08475
06/18/2016 08:30, -0.09116
06/18/2016 08:45, -0.0865
06/18/2016 09:00, -0.08825
06/18/2016 09:15, -0.08708
06/18/2016 09:30, -0.08483
06/18/2016 09:45, -0.08925
06/18/2016 10:00, -0.08925
06/18/2016 10:15, -0.08458
06/18/2016 10:30, -0.08658
06/18/2016 10:45, -0.08616
06/18/2016 11:00, -0.08558
06/18/2016 11:15, -0.0865
06/18/2016 11:30, -0.08475
06/18/2016 11:45, -0.08475
06/18/2016 12:00, -0.08425
06/18/2016 12:15, -0.08225
06/18/2016 12:30, -0.08133
06/18/2016 12:45, -0.08008
06/18/2016 13:00, -0.07866
06/18/2016 13:15, -0.07891
06/18/2016 13:30, -0.08008
06/18/2016 13:45, -0.08241
06/18/2016 14:00, -0.08008
06/18/2016 14:15, -0.07925
06/18/2016 14:30, -0.07808
06/18/2016 14:45, -0.07833
06/18/2016 15:00, -0.07866
06/18/2016 15:15, -0.07958
06/18/2016 15:30, -0.08425
06/18/2016 15:45, -0.0805
06/18/2016 16:00, -0.0785
06/18/2016 16:15, -0.08283
06/18/2016 16:30, -0.08233
06/18/2016 16:45, -0.08266
06/18/2016 17:00, -0.08158
06/18/2016 17:15, -0.08041
06/18/2016 17:30, -0.07808
06/18/2016 17:45, -0.08083
06/18/2016 18:00, -0.08141
06/18/2016 18:15, -0.08316
06/18/2016 18:30, -0.07908
06/18/2016 18:45, -0.0795
06/18/2016 19:00, -0.08325
06/18/2016 19:15, -0.07683
06/18/2016 19:30, -0.07675
06/18/2016 19:45, -0.075
06/18/2016 20:00, -0.07733
06/18/2016 20:15, -0.07558
06/18/2016 20:30, -0.08091
06/18/2016 20:45, -0.08091
06/18/2016 21:00, -0.07966
06/18/2016 21:15, -0.08516
06/18/2016 21:30, -0.07991
06/18/2016 21:45, -0.081
06/18/2016 22:00, -0.08066
06/18/2016 22:15, -0.08316
06/18/2016 22:30, -0.08141
06/18/2016 22:45, -0.08141
06/18/2016 23:00, -0.07941
06/18/2016 23:15, -0.0825
06/18/2016 23:30, -0.08016
06/18/2016 23:45, -0.086
06/19/2016 00:00, -0.08191
06/19/2016 00:15, -0.08425
06/19/2016 00:30, -0.08483
06/19/2016 00:45, -0.08283
06/19/2016 01:00, -0.087
06/19/2016 01:15, -0.08058
06/19/2016 01:30, -0.08458
06/19/2016 01:45, -0.07958
06/19/2016 02:00, -0.08658
06/19/2016 02:15, -0.08325
06/19/2016 02:30, -0.08325
06/19/2016 02:45, -0.0795
06/19/2016 03:00, -0.08391
06/19/2016 03:15, -0.08466
06/19/2016 03:30, -0.08558
06/19/2016 03:45, -0.08308
06/19/2016 04:00, -0.08716
06/19/2016 04:15, -0.08416
06/19/2016 04:30, -0.08483
06/19/2016 04:45, -0.08683
06/19/2016 05:00, -0.08066
06/19/2016 05:15, -0.0865
06/19/2016 05:30, -0.08491
06/19/2016 05:45, -0.084
06/19/2016 06:00, -0.08166
06/19/2016 06:15, -0.08541
06/19/2016 06:30, -0.08508
06/19/2016 06:45, -0.08425
06/19/2016 07:00, -0.08783
06/19/2016 07:15, -0.08408
06/19/2016 07:30, -0.08708
06/19/2016 07:45, -0.08508
06/19/2016 08:00, -0.08583
06/19/2016 08:15, -0.08083
06/19/2016 08:30, -0.08516
06/19/2016 08:45, -0.08316
06/19/2016 09:00, -0.08641
06/19/2016 09:15, -0.08125
06/19/2016 09:30, -0.0845
06/19/2016 09:45, -0.08483
06/19/2016 10:00, -0.08183
06/19/2016 10:15, -0.08366
06/19/2016 10:30, -0.08566
06/19/2016 10:45, -0.08125
06/19/2016 11:00, -0.08341
06/19/2016 11:15, -0.08425
06/19/2016 11:30, -0.08091
06/19/2016 11:45, -0.0815
06/19/2016 12:00, -0.07941
06/19/2016 12:15, -0.08091
06/19/2016 12:30, -0.08258
06/19/2016 12:45, -0.08433
06/19/2016 13:00, -0.07791
06/19/2016 13:15, -0.0795
06/19/2016 13:30, -0.07791
06/19/2016 13:45, -0.07825
06/19/2016 14:00, -0.08316
06/19/2016 14:15, -0.07741
06/19/2016 14:30, -0.08108
06/19/2016 14:45, -0.08316
06/19/2016 15:00, -0.08191
06/19/2016 15:15, -0.08366
06/19/2016 15:30, -0.07891
06/19/2016 15:45, -0.08066
06/19/2016 16:00, -0.08066
06/19/2016 16:15, -0.07833
06/19/2016 16:30, -0.07925
06/19/2016 16:45, -0.07983
06/19/2016 17:00, -0.08425
06/19/2016 17:15, -0.0805
06/19/2016 17:30, -0.07933
06/19/2016 17:45, -0.07791
06/19/2016 18:00, -0.08391
06/19/2016 18:15, -0.08133
06/19/2016 18:30, -0.08058
06/19/2016 18:45, -0.08175
06/19/2016 19:00, -0.08266
06/19/2016 19:15, -0.08116
06/19/2016 19:30, -0.0845
06/19/2016 19:45, -0.0795
06/19/2016 20:00, -0.08441
06/19/2016 20:15, -0.08075
06/19/2016 20:30, -0.07925
06/19/2016 20:45, -0.08016
06/19/2016 21:00, -0.08008
06/19/2016 21:15, -0.0815
06/19/2016 21:30, -0.08433
06/19/2016 21:45, -0.08325
06/19/2016 22:00, -0.08291
06/19/2016 22:15, -0.08408
06/19/2016 22:30, -0.08141
06/19/2016 22:45, -0.08091
06/19/2016 23:00, -0.08016
06/19/2016 23:15, -0.08425
06/19/2016 23:30, -0.08283
06/19/2016 23:45, -0.07783
06/20/2016 00:00, -0.08483
06/20/2016 00:15, -0.08483
06/20/2016 00:30, -0.08325
06/20/2016 00:45, -0.08141
06/20/2016 01:00, -0.08158
06/20/2016 01:15, -0.08533
06/20/2016 01:30, -0.08466
06/20/2016 01:45, -0.07975
06/20/2016 02:00, -0.085
06/20/2016 02:15, -0.08391
06/20/2016 02:30, -0.08066
06/20/2016 02:45, -0.08425
06/20/2016 03:00, -0.08391
06/20/2016 03:15, -0.08283
06/20/2016 03:30, -0.08333
06/20/2016 03:45, -0.08533
06/20/2016 04:00, -0.0835
06/20/2016 04:15, -0.08241
06/20/2016 04:30, -0.08691
06/20/2016 04:45, -0.08258
06/20/2016 05:00, -0.08558
06/20/2016 05:15, -0.08583
06/20/2016 05:30, -0.08408
06/20/2016 05:45, -0.086
06/20/2016 06:00, -0.086
06/20/2016 06:15, -0.08291
06/20/2016 06:30, -0.08308
06/20/2016 06:45, -0.08683
06/20/2016 07:00, -0.082
06/20/2016 07:15, -0.08483
06/20/2016 07:30, -0.08483
06/20/2016 07:45, -0.08375
06/20/2016 08:00, -0.08266
06/20/2016 08:15, -0.08233
06/20/2016 08:30, -0.08283
06/20/2016 08:45, -0.08308
06/20/2016 09:00, -0.07891
06/20/2016 09:15, -0.0845
06/20/2016 09:30, -0.085
06/20/2016 09:45, -0.08125
06/20/2016 10:00, -0.08391
06/20/2016 10:15, -0.08825
06/20/2016 10:30, -0.08333
06/20/2016 10:45, -0.08375
06/20/2016 11:00, -0.083
06/20/2016 11:15, -0.0845
06/20/2016 11:30, -0.08416
06/20/2016 11:45, -0.08116
06/20/2016 12:00, -0.08408
06/20/2016 12:15, -0.08083
06/20/2016 12:30, -0.08308
06/20/2016 12:45, -0.08041
06/20/2016 13:00, -0.08108
06/20/2016 13:15, -0.08308
06/20/2016 13:30, -0.08683
06/20/2016 13:45, -0.08091
06/20/2016 14:00, -0.08466
06/20/2016 14:15, -0.08016
06/20/2016 14:30, -0.08416
06/20/2016 14:45, -0.08358
06/20/2016 15:00, -0.08166
06/20/2016 15:15, -0.08316
06/20/2016 15:30, -0.08283
06/20/2016 15:45, -0.08008
06/20/2016 16:00, -0.08233
06/20/2016 16:15, -0.08266
06/20/2016 16:30, -0.08591
06/20/2016 16:45, -0.08591
06/20/2016 17:00, -0.08558
06/20/2016 17:15, -0.07891
06/20/2016 17:30, -0.08108
06/20/2016 17:45, -0.08341
06/20/2016 18:00, -0.08541
06/20/2016 18:15, -0.08366
06/20/2016 18:30, -0.08025
06/20/2016 18:45, -0.08516
06/20/2016 19:00, -0.08258
06/20/2016 19:15, -0.08733
06/20/2016 19:30, -0.083
06/20/2016 19:45, -0.08533
06/20/2016 20:00, -0.083
06/20/2016 20:15, -0.081
06/20/2016 20:30, -0.083
06/20/2016 20:45, -0.08516
06/20/2016 21:00, -0.08516
06/20/2016 21:15, -0.0875
06/20/2016 21:30, -0.08441
06/20/2016 21:45, -0.087
06/20/2016 22:00, -0.08266
06/20/2016 22:15, -0.08625
06/20/2016 22:30, -0.08566
06/20/2016 22:45, -0.08733
06/20/2016 23:00, -0.08675
06/20/2016 23:15, -0.08675
06/20/2016 23:30, -0.085
06/20/2016 23:45, -0.08466
06/21/2016 00:00, -0.08758
06/21/2016 00:15, -0.0855
06/21/2016 00:30, -0.08725
06/21/2016 00:45, -0.08491
06/21/2016 01:00, -0.08925
06/21/2016 01:15, -0.08691
06/21/2016 01:30, -0.08816
06/21/2016 01:45, -0.08991
06/21/2016 02:00, -0.0905
06/21/2016 02:15, -0.0905
06/21/2016 02:30, -0.09325
06/21/2016 02:45, -0.08483
06/21/2016 03:00, -0.08941
06/21/2016 03:15, -0.08766
06/21/2016 03:30, -0.09033
06/21/2016 03:45, -0.08533
06/21/2016 04:00, -0.08941
06/21/2016 04:15, -0.09033
06/21/2016 04:30, -0.08808
06/21/2016 04:45, -0.09266
06/21/2016 05:00, -0.09183
06/21/2016 05:15, -0.08775
06/21/2016 05:30, -0.08808
06/21/2016 05:45, -0.08966
06/21/2016 06:00, -0.092
06/21/2016 06:15, -0.08966
06/21/2016 06:30, -0.08616
06/21/2016 06:45, -0.09058
06/21/2016 07:00, -0.08925
06/21/2016 07:15, -0.09333
06/21/2016 07:30, -0.08566
06/21/2016 07:45, -0.09008
06/21/2016 08:00, -0.09183
06/21/2016 08:15, -0.08741
06/21/2016 08:30, -0.08858
06/21/2016 08:45, -0.089
06/21/2016 09:00, -0.08875
06/21/2016 09:15, -0.08675
06/21/2016 09:30, -0.08925
06/21/2016 09:45, -0.09275
06/21/2016 10:00, -0.09041
06/21/2016 10:15, -0.087
06/21/2016 10:30, -0.08725
06/21/2016 10:45, -0.08933
06/21/2016 11:00, -0.09233
06/21/2016 11:15, -0.08625
06/21/2016 11:30, -0.08683
06/21/2016 11:45, -0.08916
06/21/2016 12:00, -0.08683
06/21/2016 12:15, -0.08775
06/21/2016 12:30, -0.08775
06/21/2016 12:45, -0.08833
06/21/2016 13:00, -0.08633
06/21/2016 13:15, -0.08766
06/21/2016 13:30, -0.08391
06/21/2016 13:45, -0.08658
06/21/2016 14:00, -0.08483
06/21/2016 14:15, -0.08541
06/21/2016 14:30, -0.08516
06/21/2016 14:45, -0.0875
06/21/2016 15:00, -0.08516
06/21/2016 15:15, -0.08608
06/21/2016 15:30, -0.08608
06/21/2016 15:45, -0.08466
06/21/2016 16:00, -0.08408
06/21/2016 16:15, -0.08641
06/21/2016 16:30, -0.087
06/21/2016 16:45, -0.085
06/21/2016 17:00, -0.08733
06/21/2016 17:15, -0.08383
06/21/2016 17:30, -0.08183
06/21/2016 17:45, -0.08241
06/21/2016 18:00, -0.08241
06/21/2016 18:15, -0.08241
06/21/2016 18:30, -0.08708
06/21/2016 18:45, -0.083
06/21/2016 19:00, -0.08241
06/21/2016 19:15, -0.0865
06/21/2016 19:30, -0.08458
06/21/2016 19:45, -0.08458
06/21/2016 20:00, -0.08575
06/21/2016 20:15, -0.08225
06/21/2016 20:30, -0.08808
06/21/2016 20:45, -0.08541
06/21/2016 21:00, -0.08425
06/21/2016 21:15, -0.08425
06/21/2016 21:30, -0.08425
06/21/2016 21:45, -0.08858
06/21/2016 22:00, -0.08333
06/21/2016 22:15, -0.0845
06/21/2016 22:30, -0.08741
06/21/2016 22:45, -0.08566
06/21/2016 23:00, -0.08708
06/21/2016 23:15, -0.08333
06/21/2016 23:30, -0.08708
06/21/2016 23:45, -0.08533
06/22/2016 00:00, -0.08941
06/22/2016 00:15, -0.08766
06/22/2016 00:30, -0.09141
06/22/2016 00:45, -0.09
06/22/2016 01:00, -0.08891
06/22/2016 01:15, -0.0895
06/22/2016 01:30, -0.08716
06/22/2016 01:45, -0.0895
06/22/2016 02:00, -0.08916
06/22/2016 02:15, -0.08858
06/22/2016 02:30, -0.0865
06/22/2016 02:45, -0.08708
06/22/2016 03:00, -0.09066
06/22/2016 03:15, -0.08916
06/22/2016 03:30, -0.0875
06/22/2016 03:45, -0.09066
06/22/2016 04:00, -0.08891
06/22/2016 04:15, -0.09066
06/22/2016 04:30, -0.09175
06/22/2016 04:45, -0.08825
06/22/2016 05:00, -0.08883
06/22/2016 05:15, -0.08941
06/22/2016 05:30, -0.09216
06/22/2016 05:45, -0.08983
06/22/2016 06:00, -0.08983
06/22/2016 06:15, -0.09208
06/22/2016 06:30, -0.08975
06/22/2016 06:45, -0.08741
06/22/2016 07:00, -0.09208
06/22/2016 07:15, -0.09241
06/22/2016 07:30, -0.09166
06/22/2016 07:45, -0.08966
06/22/2016 08:00, -0.08791
06/22/2016 08:15, -0.09258
06/22/2016 08:30, -0.09116
06/22/2016 08:45, -0.08883
06/22/2016 09:00, -0.08741
06/22/2016 09:15, -0.08858
06/22/2016 09:30, -0.08683
06/22/2016 09:45, -0.08741
06/22/2016 10:00, -0.08858
06/22/2016 10:15, -0.08566
06/22/2016 10:30, -0.088
06/22/2016 10:45, -0.09091
06/22/2016 11:00, -0.08883
06/22/2016 11:15, -0.08708
06/22/2016 11:30, -0.09175
06/22/2016 11:45, -0.08941
06/22/2016 12:00, -0.08333
06/22/2016 12:15, -0.08741
06/22/2016 12:30, -0.088
06/22/2016 12:45, -0.08658
06/22/2016 13:00, -0.08691
06/22/2016 13:15, -0.0875
06/22/2016 13:30, -0.08725
06/22/2016 13:45, -0.08841
06/22/2016 14:00, -0.09075
06/22/2016 14:15, -0.089
06/22/2016 14:30, -0.087
06/22/2016 14:45, -0.089
06/22/2016 15:00, -0.08525
06/22/2016 15:15, -0.087
06/22/2016 15:30, -0.087
06/22/2016 15:45, -0.08991
06/22/2016 16:00, -0.08733
06/22/2016 16:15, -0.0885
06/22/2016 16:30, -0.08825
06/22/2016 16:45, -0.08858
06/22/2016 17:00, -0.08741
06/22/2016 17:15, -0.08741
06/22/2016 17:30, -0.08425
06/22/2016 17:45, -0.08566
06/22/2016 18:00, -0.08858
06/22/2016 18:15, -0.08833
06/22/2016 18:30, -0.08858
06/22/2016 18:45, -0.08741
06/22/2016 19:00, -0.08633
06/22/2016 19:15, -0.08775
06/22/2016 19:30, -0.0895
06/22/2016 19:45, -0.08883
06/22/2016 20:00, -0.0865
06/22/2016 20:15, -0.08691
06/22/2016 20:30, -0.08458
06/22/2016 20:45, -0.08866
06/22/2016 21:00, -0.08658
06/22/2016 21:15, -0.08758
06/22/2016 21:30, -0.08883
06/22/2016 21:45, -0.08908
06/22/2016 22:00, -0.08991
06/22/2016 22:15, -0.08933
06/22/2016 22:30, -0.08991
06/22/2016 22:45, -0.09166
06/22/2016 23:00, -0.08933
06/22/2016 23:15, -0.089
06/22/2016 23:30, -0.09458
06/22/2016 23:45, -0.0915
06/23/2016 00:00, -0.09491
06/23/2016 00:15, -0.09491
06/23/2016 00:30, -0.09258
06/23/2016 00:45, -0.09491
06/23/2016 01:00, -0.09433
06/23/2016 01:15, -0.09083
06/23/2016 01:30, -0.09258
06/23/2016 01:45, -0.092
06/23/2016 02:00, -0.08966
06/23/2016 02:15, -0.09491
06/23/2016 02:30, -0.09291
06/23/2016 02:45, -0.09291
06/23/2016 03:00, -0.092
06/23/2016 03:15, -0.09258
06/23/2016 03:30, -0.09141
06/23/2016 03:45, -0.09433
06/23/2016 04:00, -0.092
06/23/2016 04:15, -0.09491
06/23/2016 04:30, -0.09633
06/23/2016 04:45, -0.08966
06/23/2016 05:00, -0.09341
06/23/2016 05:15, -0.09108
06/23/2016 05:30, -0.09341
06/23/2016 05:45, -0.09458
06/23/2016 06:00, -0.09225
06/23/2016 06:15, -0.09283
06/23/2016 06:30, -0.09283
06/23/2016 06:45, -0.09283
06/23/2016 07:00, -0.09516
06/23/2016 07:15, -0.09516
06/23/2016 07:30, -0.0905
06/23/2016 07:45, -0.0925
06/23/2016 08:00, -0.09291
06/23/2016 08:15, -0.09083
06/23/2016 08:30, -0.09083
06/23/2016 08:45, -0.08883
06/23/2016 09:00, -0.09466
06/23/2016 09:15, -0.09491
06/23/2016 09:30, -0.08941
06/23/2016 09:45, -0.09175
06/23/2016 10:00, -0.0935
06/23/2016 10:15, -0.0935
06/23/2016 10:30, -0.09116
06/23/2016 10:45, -0.08975
06/23/2016 11:00, -0.08916
06/23/2016 11:15, -0.08741
06/23/2016 11:30, -0.0905
06/23/2016 11:45, -0.09166
06/23/2016 12:00, -0.08933
06/23/2016 12:15, -0.08966
06/23/2016 12:30, -0.08558
06/23/2016 12:45, -0.08558
06/23/2016 13:00, -0.09058
06/23/2016 13:15, -0.08625
06/23/2016 13:30, -0.0865
06/23/2016 13:45, -0.0845
06/23/2016 14:00, -0.0915
06/23/2016 14:15, -0.088
06/23/2016 14:30, -0.086
06/23/2016 14:45, -0.08433
06/23/2016 15:00, -0.087
06/23/2016 15:15, -0.08525
06/23/2016 15:30, -0.087
06/23/2016 15:45, -0.087
06/23/2016 16:00, -0.08758
06/23/2016 16:15, -0.08616
06/23/2016 16:30, -0.08491
06/23/2016 16:45, -0.08316
06/23/2016 17:00, -0.08375
06/23/2016 17:15, -0.08408
06/23/2016 17:30, -0.08583
06/23/2016 17:45, -0.089
06/23/2016 18:00, -0.08641
06/23/2016 18:15, -0.08366
06/23/2016 18:30, -0.08366
06/23/2016 18:45, -0.08483
06/23/2016 19:00, -0.08558
06/23/2016 19:15, -0.08208
06/23/2016 19:30, -0.085
06/23/2016 19:45, -0.085
06/23/2016 20:00, -0.08833
06/23/2016 20:15, -0.084
06/23/2016 20:30, -0.08833
06/23/2016 20:45, -0.08775
06/23/2016 21:00, -0.08658
06/23/2016 21:15, -0.08833
06/23/2016 21:30, -0.08975
06/23/2016 21:45, -0.08341
06/23/2016 22:00, -0.08516
06/23/2016 22:15, -0.08716
06/23/2016 22:30, -0.08833
06/23/2016 22:45, -0.08541
06/23/2016 23:00, -0.0875
06/23/2016 23:15, -0.08716
06/23/2016 23:30, -0.0895
06/23/2016 23:45, -0.0875
06/24/2016 00:00, -0.09008
06/24/2016 00:15, -0.0895
06/24/2016 00:30, -0.0895
06/24/2016 00:45, -0.0895
06/24/2016 01:00, -0.0895
06/24/2016 01:15, -0.08775
06/24/2016 01:30, -0.08741
06/24/2016 01:45, -0.08916
06/24/2016 02:00, -0.0915
06/24/2016 02:15, -0.09033
06/24/2016 02:30, -0.08975
06/24/2016 02:45, -0.0895
06/24/2016 03:00, -0.08775
06/24/2016 03:15, -0.09241
06/24/2016 03:30, -0.09475
06/24/2016 03:45, -0.09208
06/24/2016 04:00, -0.08908
06/24/2016 04:15, -0.09316
06/24/2016 04:30, -0.09141
06/24/2016 04:45, -0.09475
06/24/2016 05:00, -0.09008
06/24/2016 05:15, -0.09375
06/24/2016 05:30, -0.08908
06/24/2016 05:45, -0.09341
06/24/2016 06:00, -0.09341
06/24/2016 06:15, -0.09316
06/24/2016 06:30, -0.09375
06/24/2016 06:45, -0.093
06/24/2016 07:00, -0.09475
06/24/2016 07:15, -0.09241
06/24/2016 07:30, -0.09441
06/24/2016 07:45, -0.09141
06/24/2016 08:00, -0.09516
06/24/2016 08:15, -0.09691
06/24/2016 08:30, -0.09516
06/24/2016 08:45, -0.093
06/24/2016 09:00, -0.091
06/24/2016 09:15, -0.09233
06/24/2016 09:30, -0.09
06/24/2016 09:45, -0.08958
06/24/2016 10:00, -0.09483
06/24/2016 10:15, -0.0925
06/24/2016 10:30, -0.09225
06/24/2016 10:45, -0.09341
06/24/2016 11:00, -0.0955
06/24/2016 11:15, -0.09375
06/24/2016 11:30, -0.09033
06/24/2016 11:45, -0.09233
06/24/2016 12:00, -0.09258
06/24/2016 12:15, -0.08825
06/24/2016 12:30, -0.08916
06/24/2016 12:45, -0.08916
06/24/2016 13:00, -0.08916
06/24/2016 13:15, -0.0915
06/24/2016 13:30, -0.09108
06/24/2016 13:45, -0.09166
06/24/2016 14:00, -0.08675
06/24/2016 14:15, -0.08733
06/24/2016 14:30, -0.08808
06/24/2016 14:45, -0.09158
06/24/2016 15:00, -0.08866
06/24/2016 15:15, -0.091
06/24/2016 15:30, -0.09191
06/24/2016 15:45, -0.08408
06/24/2016 16:00, -0.08466
06/24/2016 16:15, -0.08758
06/24/2016 16:30, -0.08816
06/24/2016 16:45, -0.08875
06/24/2016 17:00, -0.08791
06/24/2016 17:15, -0.0865
06/24/2016 17:30, -0.08783
06/24/2016 17:45, -0.08958
06/24/2016 18:00, -0.08583
06/24/2016 18:15, -0.08583
06/24/2016 18:30, -0.08616
06/24/2016 18:45, -0.085
06/24/2016 19:00, -0.085
06/24/2016 19:15, -0.08675
06/24/2016 19:30, -0.08908
06/24/2016 19:45, -0.08675
06/24/2016 20:00, -0.08941
06/24/2016 20:15, -0.08825
06/24/2016 20:30, -0.08566
06/24/2016 20:45, -0.088
06/24/2016 21:00, -0.08916
06/24/2016 21:15, -0.09016
06/24/2016 21:30, -0.0905
06/24/2016 21:45, -0.09225
06/24/2016 22:00, -0.09458
06/24/2016 22:15, -0.09166
06/24/2016 22:30, -0.09133
06/24/2016 22:45, -0.09225
06/24/2016 23:00, -0.08991
06/24/2016 23:15, -0.09516
06/24/2016 23:30, -0.09141
06/24/2016 23:45, -0.09116
06/25/2016 00:00, -0.09175
06/25/2016 00:15, -0.09208
06/25/2016 00:30, -0.09133
06/25/2016 00:45, -0.09166
06/25/2016 01:00, -0.09441
06/25/2016 01:15, -0.095
06/25/2016 01:30, -0.09733
06/25/2016 01:45, -0.09458
06/25/2016 02:00, -0.09491
06/25/2016 02:15, -0.09316
06/25/2016 02:30, -0.09466
06/25/2016 02:45, -0.09758
06/25/2016 03:00, -0.09675
06/25/2016 03:15, -0.09416
06/25/2016 03:30, -0.09125
06/25/2016 03:45, -0.09533
06/25/2016 04:00, -0.09416
06/25/2016 04:15, -0.09725
06/25/2016 04:30, -0.09266
06/25/2016 04:45, -0.09841
06/25/2016 05:00, -0.09258
06/25/2016 05:15, -0.09675
06/25/2016 05:30, -0.0945
06/25/2016 05:45, -0.0975
06/25/2016 06:00, -0.09316
06/25/2016 06:15, -0.09525
06/25/2016 06:30, -0.0965
06/25/2016 06:45, -0.09575
06/25/2016 07:00, -0.09766
06/25/2016 07:15, -0.09241
06/25/2016 07:30, -0.09933
06/25/2016 07:45, -0.09625
06/25/2016 08:00, -0.09558
06/25/2016 08:15, -0.09666
06/25/2016 08:30, -0.09991
06/25/2016 08:45, -0.09791
06/25/2016 09:00, -0.09541
06/25/2016 09:15, -0.09691
06/25/2016 09:30, -0.09725
06/25/2016 09:45, -0.10258
06/25/2016 10:00, -0.1045
06/25/2016 10:15, -0.10266
06/25/2016 10:30, -0.10208
06/25/2016 10:45, -0.10208
06/25/2016 11:00, -0.09925
06/25/2016 11:15, -0.0965
06/25/2016 11:30, -0.09975
06/25/2016 11:45, -0.09833
06/25/2016 12:00, -0.09966
06/25/2016 12:15, -0.0985
06/25/2016 12:30, -0.09925
06/25/2016 12:45, -0.09725
06/25/2016 13:00, -0.097
06/25/2016 13:15, -0.09583
06/25/2016 13:30, -0.09408
06/25/2016 13:45, -0.09741
06/25/2016 14:00, -0.09683
06/25/2016 14:15, -0.09508
06/25/2016 14:30, -0.098
06/25/2016 14:45, -0.09425
06/25/2016 15:00, -0.093
06/25/2016 15:15, -0.09216
06/25/2016 15:30, -0.0925
06/25/2016 15:45, -0.09016
06/25/2016 16:00, -0.09591
06/25/2016 16:15, -0.09125
06/25/2016 16:30, -0.09308
06/25/2016 16:45, -0.0945
06/25/2016 17:00, -0.09108
06/25/2016 17:15, -0.09575
06/25/2016 17:30, -0.09116
06/25/2016 17:45, -0.09525
06/25/2016 18:00, -0.09533
06/25/2016 18:15, -0.09708
06/25/2016 18:30, -0.0925
06/25/2016 18:45, -0.08983
06/25/2016 19:00, -0.094
06/25/2016 19:15, -0.094
06/25/2016 19:30, -0.09483
06/25/2016 19:45, -0.09366
06/25/2016 20:00, -0.09508
06/25/2016 20:15, -0.09275
06/25/2016 20:30, -0.09333
06/25/2016 20:45, -0.09275
06/25/2016 21:00, -0.09183
06/25/2016 21:15, -0.09125
06/25/2016 21:30, -0.093
06/25/2016 21:45, -0.0895
06/25/2016 22:00, -0.09183
06/25/2016 22:15, -0.0905
06/25/2016 22:30, -0.09166
06/25/2016 22:45, -0.094
06/25/2016 23:00, -0.09133
06/25/2016 23:15, -0.09508
06/25/2016 23:30, -0.09216
06/25/2016 23:45, -0.09516
06/26/2016 00:00, -0.092
06/26/2016 00:15, -0.09491
06/26/2016 00:30, -0.09316
06/26/2016 00:45, -0.09458
06/26/2016 01:00, -0.09458
06/26/2016 01:15, -0.09458
06/26/2016 01:30, -0.09491
06/26/2016 01:45, -0.0935
06/26/2016 02:00, -0.09466
06/26/2016 02:15, -0.094
06/26/2016 02:30, -0.094
06/26/2016 02:45, -0.09633
06/26/2016 03:00, -0.09691
06/26/2016 03:15, -0.09491
06/26/2016 03:30, -0.09475
06/26/2016 03:45, -0.09183
06/26/2016 04:00, -0.09558
06/26/2016 04:15, -0.09733
06/26/2016 04:30, -0.09908
06/26/2016 04:45, -0.1005
06/26/2016 05:00, -0.09675
06/26/2016 05:15, -0.09641
06/26/2016 05:30, -0.09441
06/26/2016 05:45, -0.09541
06/26/2016 06:00, -0.09775
06/26/2016 06:15, -0.09541
06/26/2016 06:30, -0.09683
06/26/2016 06:45, -0.09216
06/26/2016 07:00, -0.09591
06/26/2016 07:15, -0.09533
06/26/2016 07:30, -0.09591
06/26/2016 07:45, -0.09458
06/26/2016 08:00, -0.09691
06/26/2016 08:15, -0.09491
06/26/2016 08:30, -0.09433
06/26/2016 08:45, -0.09491
06/26/2016 09:00, -0.09433
06/26/2016 09:15, -0.09316
06/26/2016 09:30, -0.09216
06/26/2016 09:45, -0.09275
06/26/2016 10:00, -0.09075
06/26/2016 10:15, -0.09133
06/26/2016 10:30, -0.09541
06/26/2016 10:45, -0.09308
06/26/2016 11:00, -0.09308
06/26/2016 11:15, -0.09366
06/26/2016 11:30, -0.09425
06/26/2016 11:45, -0.09166
06/26/2016 12:00, -0.08991
06/26/2016 12:15, -0.09283
06/26/2016 12:30, -0.09125
06/26/2016 12:45, -0.09083
06/26/2016 13:00, -0.09275
06/26/2016 13:15, -0.09275
06/26/2016 13:30, -0.09041
06/26/2016 13:45, -0.09175
06/26/2016 14:00, -0.08941
06/26/2016 14:15, -0.09333
06/26/2016 14:30, -0.09216
06/26/2016 14:45, -0.09275
06/26/2016 15:00, -0.08866
06/26/2016 15:15, -0.09116
06/26/2016 15:30, -0.08675
06/26/2016 15:45, -0.08941
06/26/2016 16:00, -0.08708
06/26/2016 16:15, -0.08475
06/26/2016 16:30, -0.0865
06/26/2016 16:45, -0.08975
06/26/2016 17:00, -0.09175
06/26/2016 17:15, -0.08941
06/26/2016 17:30, -0.09075
06/26/2016 17:45, -0.088
06/26/2016 18:00, -0.0865
06/26/2016 18:15, -0.09225
06/26/2016 18:30, -0.08933
06/26/2016 18:45, -0.08933
06/26/2016 19:00, -0.09166
06/26/2016 19:15, -0.09108
06/26/2016 19:30, -0.09191
06/26/2016 19:45, -0.09216
06/26/2016 20:00, -0.09116
06/26/2016 20:15, -0.08766
06/26/2016 20:30, -0.08941
06/26/2016 20:45, -0.08908
06/26/2016 21:00, -0.08941
06/26/2016 21:15, -0.0905
06/26/2016 21:30, -0.08816
06/26/2016 21:45, -0.0925
06/26/2016 22:00, -0.09158
06/26/2016 22:15, -0.089
06/26/2016 22:30, -0.08925
06/26/2016 22:45, -0.09216
06/26/2016 23:00, -0.08808
06/26/2016 23:15, -0.09158
06/26/2016 23:30, -0.08983
06/26/2016 23:45, -0.09125
06/27/2016 00:00, -0.0895
06/27/2016 00:15, -0.09091
06/27/2016 00:30, -0.09033
06/27/2016 00:45, -0.09175
06/27/2016 01:00, -0.08941
06/27/2016 01:15, -0.09141
06/27/2016 01:30, -0.09083
06/27/2016 01:45, -0.09025
06/27/2016 02:00, -0.08908
06/27/2016 02:15, -0.08908
06/27/2016 02:30, -0.08908
06/27/2016 02:45, -0.09225
06/27/2016 03:00, -0.09458
06/27/2016 03:15, -0.08875
06/27/2016 03:30, -0.094
06/27/2016 03:45, -0.08991
06/27/2016 04:00, -0.09108
06/27/2016 04:15, -0.08933
06/27/2016 04:30, -0.0925
06/27/2016 04:45, -0.09191
06/27/2016 05:00, -0.09133
06/27/2016 05:15, -0.092
06/27/2016 05:30, -0.09433
06/27/2016 05:45, -0.094
06/27/2016 06:00, -0.09341
06/27/2016 06:15, -0.09225
06/27/2016 06:30, -0.0925
06/27/2016 06:45, -0.09391
06/27/2016 07:00, -0.09533
06/27/2016 07:15, -0.09325
06/27/2016 07:30, -0.09758
06/27/2016 07:45, -0.09291
06/27/2016 08:00, -0.09316
06/27/2016 08:15, -0.09316
06/27/2016 08:30, -0.09466
06/27/2016 08:45, -0.09666
06/27/2016 09:00, -0.092
06/27/2016 09:15, -0.09341
06/27/2016 09:30, -0.09425
06/27/2016 09:45, -0.09483
06/27/2016 10:00, -0.09191
06/27/2016 10:15, -0.09366
06/27/2016 10:30, -0.09333
06/27/2016 10:45, -0.09275
06/27/2016 11:00, -0.091
06/27/2016 11:15, -0.09733
06/27/2016 11:30, -0.09416
06/27/2016 11:45, -0.09208
06/27/2016 12:00, -0.08941
06/27/2016 12:15, -0.0915
06/27/2016 12:30, -0.09525
06/27/2016 12:45, -0.0935
06/27/2016 13:00, -0.09116
06/27/2016 13:15, -0.09291
06/27/2016 13:30, -0.08883
06/27/2016 13:45, -0.09258
06/27/2016 14:00, -0.092
06/27/2016 14:15, -0.08925
06/27/2016 14:30, -0.08891
06/27/2016 14:45, -0.09125
06/27/2016 15:00, -0.08891
06/27/2016 15:15, -0.09475
06/27/2016 15:30, -0.093
06/27/2016 15:45, -0.09066
06/27/2016 16:00, -0.09183
06/27/2016 16:15, -0.09066
06/27/2016 16:30, -0.08891
06/27/2016 16:45, -0.08833
06/27/2016 17:00, -0.08958
06/27/2016 17:15, -0.09308
06/27/2016 17:30, -0.09075
06/27/2016 17:45, -0.09508
06/27/2016 18:00, -0.091
06/27/2016 18:15, -0.091
06/27/2016 18:30, -0.09216
06/27/2016 18:45, -0.08941
06/27/2016 19:00, -0.08883
06/27/2016 19:15, -0.09058
06/27/2016 19:30, -0.09416
06/27/2016 19:45, -0.09416
06/27/2016 20:00, -0.09125
06/27/2016 20:15, -0.09125
06/27/2016 20:30, -0.08858
06/27/2016 20:45, -0.09266
06/27/2016 21:00, -0.09233
06/27/2016 21:15, -0.09283
06/27/2016 21:30, -0.09075
06/27/2016 21:45, -0.09191
06/27/2016 22:00, -0.09016
06/27/2016 22:15, -0.09083
06/27/2016 22:30, -0.0955
06/27/2016 22:45, -0.09225
06/27/2016 23:00, -0.0905
06/27/2016 23:15, -0.09658
06/27/2016 23:30, -0.08991
06/27/2016 23:45, -0.093
06/28/2016 00:00, -0.093
06/28/2016 00:15, -0.096
06/28/2016 00:30, -0.09066
06/28/2016 00:45, -0.09191
06/28/2016 01:00, -0.09541
06/28/2016 01:15, -0.096
06/28/2016 01:30, -0.09441
06/28/2016 01:45, -0.09616
06/28/2016 02:00, -0.095
06/28/2016 02:15, -0.08858
06/28/2016 02:30, -0.09066
06/28/2016 02:45, -0.093
06/28/2016 03:00, -0.09191
06/28/2016 03:15, -0.0925
06/28/2016 03:30, -0.09191
06/28/2016 03:45, -0.09133
06/28/2016 04:00, -0.09541
06/28/2016 04:15, -0.09158
06/28/2016 04:30, -0.09158
06/28/2016 04:45, -0.09191
06/28/2016 05:00, -0.08975
06/28/2016 05:15, -0.0915
06/28/2016 05:30, -0.088
06/28/2016 05:45, -0.09091
06/28/2016 06:00, -0.09383
06/28/2016 06:15, -0.0935
06/28/2016 06:30, -0.09233
06/28/2016 06:45, -0.09075
06/28/2016 07:00, -0.09275
06/28/2016 07:15, -0.0945
06/28/2016 07:30, -0.09008
06/28/2016 07:45, -0.09175
06/28/2016 08:00, -0.09175
06/28/2016 08:15, -0.09175
06/28/2016 08:30, -0.09175
06/28/2016 08:45, -0.09041
06/28/2016 09:00, -0.09241
06/28/2016 09:15, -0.091
06/28/2016 09:30, -0.08925
06/28/2016 09:45, -0.08725
06/28/2016 10:00, -0.09025
06/28/2016 10:15, -0.0885
06/28/2016 10:30, -0.08958
06/28/2016 10:45, -0.08933
06/28/2016 11:00, -0.08816
06/28/2016 11:15, -0.08816
06/28/2016 11:30, -0.08816
06/28/2016 11:45, -0.08866
06/28/2016 12:00, -0.08691
06/28/2016 12:15, -0.09141
06/28/2016 12:30, -0.09083
06/28/2016 12:45, -0.08708
06/28/2016 13:00, -0.08708
06/28/2016 13:15, -0.08641
06/28/2016 13:30, -0.087
06/28/2016 13:45, -0.08625
06/28/2016 14:00, -0.08625
06/28/2016 14:15, -0.08658
06/28/2016 14:30, -0.08716
06/28/2016 14:45, -0.08433
06/28/2016 15:00, -0.0855
06/28/2016 15:15, -0.08708
06/28/2016 15:30, -0.08508
06/28/2016 15:45, -0.08491
06/28/2016 16:00, -0.08525
06/28/2016 16:15, -0.08483
06/28/2016 16:30, -0.08516
06/28/2016 16:45, -0.08516
06/28/2016 17:00, -0.0875
06/28/2016 17:15, -0.08958
06/28/2016 17:30, -0.0855
06/28/2016 17:45, -0.0835
06/28/2016 18:00, -0.08408
06/28/2016 18:15, -0.086
06/28/2016 18:30, -0.08658
06/28/2016 18:45, -0.08591
06/28/2016 19:00, -0.08475
06/28/2016 19:15, -0.08725
06/28/2016 19:30, -0.08116
06/28/2016 19:45, -0.08608
06/28/2016 20:00, -0.08783
06/28/2016 20:15, -0.08916
06/28/2016 20:30, -0.08683
06/28/2016 20:45, -0.086
06/28/2016 21:00, -0.08608
06/28/2016 21:15, -0.08783
06/28/2016 21:30, -0.08608
06/28/2016 21:45, -0.0855
06/28/2016 22:00, -0.08825
06/28/2016 22:15, -0.08508
06/28/2016 22:30, -0.08666
06/28/2016 22:45, -0.08666
06/28/2016 23:00, -0.09075
06/28/2016 23:15, -0.087
06/28/2016 23:30, -0.08816
06/28/2016 23:45, -0.09108
06/29/2016 00:00, -0.09025
06/29/2016 00:15, -0.08966
06/29/2016 00:30, -0.09316
06/29/2016 00:45, -0.0885
06/29/2016 01:00, -0.08875
06/29/2016 01:15, -0.08933
06/29/2016 01:30, -0.08933
06/29/2016 01:45, -0.0925
06/29/2016 02:00, -0.0925
06/29/2016 02:15, -0.09308
06/29/2016 02:30, -0.08958
06/29/2016 02:45, -0.089
06/29/2016 03:00, -0.09483
06/29/2016 03:15, -0.0925
06/29/2016 03:30, -0.09133
06/29/2016 03:45, -0.09541
06/29/2016 04:00, -0.09133
06/29/2016 04:15, -0.09633
06/29/2016 04:30, -0.09458
06/29/2016 04:45, -0.09258
06/29/2016 05:00, -0.09375
06/29/2016 05:15, -0.09458
06/29/2016 05:30, -0.09316
06/29/2016 05:45, -0.09083
06/29/2016 06:00, -0.09166
06/29/2016 06:15, -0.09225
06/29/2016 06:30, -0.09225
06/29/2016 06:45, -0.09375
06/29/2016 07:00, -0.092
06/29/2016 07:15, -0.09258
06/29/2016 07:30, -0.08883
06/29/2016 07:45, -0.09291
06/29/2016 08:00, -0.09441
06/29/2016 08:15, -0.09066
06/29/2016 08:30, -0.09358
06/29/2016 08:45, -0.093
06/29/2016 09:00, -0.09358
06/29/2016 09:15, -0.08808
06/29/2016 09:30, -0.09008
06/29/2016 09:45, -0.09241
06/29/2016 10:00, -0.09275
06/29/2016 10:15, -0.09158
06/29/2016 10:30, -0.09075
06/29/2016 10:45, -0.0905
06/29/2016 11:00, -0.0905
06/29/2016 11:15, -0.08875
06/29/2016 11:30, -0.09341
06/29/2016 11:45, -0.08733
06/29/2016 12:00, -0.08791
06/29/2016 12:15, -0.09025
06/29/2016 12:30, -0.08791
06/29/2016 12:45, -0.08825
06/29/2016 13:00, -0.08825
06/29/2016 13:15, -0.08825
06/29/2016 13:30, -0.08625
06/29/2016 13:45, -0.08658
06/29/2016 14:00, -0.08658
06/29/2016 14:15, -0.0875
06/29/2016 14:30, -0.08725
06/29/2016 14:45, -0.08641
06/29/2016 15:00, -0.08441
06/29/2016 15:15, -0.0885
06/29/2016 15:30, -0.08733
06/29/2016 15:45, -0.085
06/29/2016 16:00, -0.08791
06/29/2016 16:15, -0.08766
06/29/2016 16:30, -0.08766
06/29/2016 16:45, -0.08533
06/29/2016 17:00, -0.0865
06/29/2016 17:15, -0.08358
06/29/2016 17:30, -0.08416
06/29/2016 17:45, -0.08566
06/29/2016 18:00, -0.08891
06/29/2016 18:15, -0.08891
06/29/2016 18:30, -0.08716
06/29/2016 18:45, -0.08775
06/29/2016 19:00, -0.08941
06/29/2016 19:15, -0.08441
06/29/2016 19:30, -0.09241
06/29/2016 19:45, -0.09383
06/29/2016 20:00, -0.09458
06/29/2016 20:15, -0.0975
06/29/2016 20:30, -0.09658
06/29/2016 20:45, -0.1
06/29/2016 21:00, -0.09891
06/29/2016 21:15, -0.09541
06/29/2016 21:30, -0.09716
06/29/2016 21:45, -0.09766
06/29/2016 22:00, -0.10033
06/29/2016 22:15, -0.1015
06/29/2016 22:30, -0.09625
06/29/2016 22:45, -0.09766
06/29/2016 23:00, -0.09766
06/29/2016 23:15, -0.09766
06/29/2016 23:30, -0.10125
06/29/2016 23:45, -0.10183
06/30/2016 00:00, -0.09516
06/30/2016 00:15, -0.09716
06/30/2016 00:30, -0.0975
06/30/2016 00:45, -0.09658
06/30/2016 01:00, -0.0975
06/30/2016 01:15, -0.09575
06/30/2016 01:30, -0.09633
06/30/2016 01:45, -0.09575
06/30/2016 02:00, -0.09925
06/30/2016 02:15, -0.09958
06/30/2016 02:30, -0.09875
06/30/2016 02:45, -0.097
06/30/2016 03:00, -0.09933
06/30/2016 03:15, -0.0955
06/30/2016 03:30, -0.09725
06/30/2016 03:45, -0.09758
06/30/2016 04:00, -0.09783
06/30/2016 04:15, -0.101
06/30/2016 04:30, -0.09666
06/30/2016 04:45, -0.098
06/30/2016 05:00, -0.09566
06/30/2016 05:15, -0.09566
06/30/2016 05:30, -0.09808
06/30/2016 05:45, -0.094
06/30/2016 06:00, -0.09925
06/30/2016 06:15, -0.094
06/30/2016 06:30, -0.09633
06/30/2016 06:45, -0.09333
06/30/2016 07:00, -0.09741
06/30/2016 07:15, -0.09808
06/30/2016 07:30, -0.09725
06/30/2016 07:45, -0.09633
06/30/2016 08:00, -0.09633
06/30/2016 08:15, -0.09341
06/30/2016 08:30, -0.09575
06/30/2016 08:45, -0.0975
06/30/2016 09:00, -0.09983
06/30/2016 09:15, -0.09883
06/30/2016 09:30, -0.0965
06/30/2016 09:45, -0.0965
06/30/2016 10:00, -0.0975
06/30/2016 10:15, -0.09575
06/30/2016 10:30, -0.09883
06/30/2016 10:45, -0.0945
06/30/2016 11:00, -0.09366
06/30/2016 11:15, -0.09483
06/30/2016 11:30, -0.09366
06/30/2016 11:45, -0.09308
06/30/2016 12:00, -0.09425
06/30/2016 12:15, -0.09425
06/30/2016 12:30, -0.09541
06/30/2016 12:45, -0.0925
06/30/2016 13:00, -0.09425
06/30/2016 13:15, -0.09133
06/30/2016 13:30, -0.09133
06/30/2016 13:45, -0.09133
06/30/2016 14:00, -0.09308
06/30/2016 14:15, -0.09366
06/30/2016 14:30, -0.09075
06/30/2016 14:45, -0.096
06/30/2016 15:00, -0.09133
06/30/2016 15:15, -0.09191
06/30/2016 15:30, -0.09566
06/30/2016 15:45, -0.09275
06/30/2016 16:00, -0.09341
06/30/2016 16:15, -0.09341
06/30/2016 16:30, -0.09283
06/30/2016 16:45, -0.09308
06/30/2016 17:00, -0.0945
06/30/2016 17:15, -0.08866
06/30/2016 17:30, -0.09333
06/30/2016 17:45, -0.08866
06/30/2016 18:00, -0.09066
06/30/2016 18:15, -0.09533
06/30/2016 18:30, -0.09441
06/30/2016 18:45, -0.09208
06/30/2016 19:00, -0.09208
06/30/2016 19:15, -0.0915
06/30/2016 19:30, -0.09641
06/30/2016 19:45, -0.09116
06/30/2016 20:00, -0.0935
06/30/2016 20:15, -0.09433
06/30/2016 20:30, -0.0925
06/30/2016 20:45, -0.09016
06/30/2016 21:00, -0.09016
06/30/2016 21:15, -0.08925
06/30/2016 21:30, -0.09158
06/30/2016 21:45, -0.08983
06/30/2016 22:00, -0.091
06/30/2016 22:15, -0.09275
06/30/2016 22:30, -0.09391
06/30/2016 22:45, -0.09391
06/30/2016 23:00, -0.09508
06/30/2016 23:15, -0.09391
06/30/2016 23:30, -0.09566
06/30/2016 23:45, -0.09508
07/01/2016 00:00, -0.09583
07/01/2016 00:15, -0.09583
07/01/2016 00:30, -0.09433
07/01/2016 00:45, -0.09608
07/01/2016 01:00, -0.09783
07/01/2016 01:15, -0.09283
07/01/2016 01:30, -0.0975
07/01/2016 01:45, -0.09366
07/01/2016 02:00, -0.09541
07/01/2016 02:15, -0.09658
07/01/2016 02:30, -0.09716
07/01/2016 02:45, -0.09891
07/01/2016 03:00, -0.09716
07/01/2016 03:15, -0.09658
07/01/2016 03:30, -0.09916
07/01/2016 03:45, -0.09483
07/01/2016 04:00, -0.09483
07/01/2016 04:15, -0.10091
07/01/2016 04:30, -0.09758
07/01/2016 04:45, -0.097
07/01/2016 05:00, -0.09725
07/01/2016 05:15, -0.1005
07/01/2016 05:30, -0.097
07/01/2016 05:45, -0.09683
07/01/2016 06:00, -0.09975
07/01/2016 06:15, -0.10091
07/01/2016 06:30, -0.10033
07/01/2016 06:45, -0.10091
07/01/2016 07:00, -0.0995
07/01/2016 07:15, -0.0995
07/01/2016 07:30, -0.09775
07/01/2016 07:45, -0.10183
07/01/2016 08:00, -0.10125
07/01/2016 08:15, -0.10125
07/01/2016 08:30, -0.0995
07/01/2016 08:45, -0.09775
07/01/2016 09:00, -0.09891
07/01/2016 09:15, -0.0985
07/01/2016 09:30, -0.09791
07/01/2016 09:45, -0.09675
07/01/2016 10:00, -0.09616
07/01/2016 10:15, -0.09533
07/01/2016 10:30, -0.09566
07/01/2016 10:45, -0.0945
07/01/2016 11:00, -0.0965
07/01/2016 11:15, -0.09158
07/01/2016 11:30, -0.0955
07/01/2016 11:45, -0.09316
07/01/2016 12:00, -0.09691
07/01/2016 12:15, -0.09608
07/01/2016 12:30, -0.09258
07/01/2016 12:45, -0.09783
07/01/2016 13:00, -0.0935
07/01/2016 13:15, -0.0935
07/01/2016 13:30, -0.09383
07/01/2016 13:45, -0.09208
07/01/2016 14:00, -0.09008
07/01/2016 14:15, -0.09241
07/01/2016 14:30, -0.092
07/01/2016 14:45, -0.09233
07/01/2016 15:00, -0.0935
07/01/2016 15:15, -0.09158
07/01/2016 15:30, -0.09391
07/01/2016 15:45, -0.09191
07/01/2016 16:00, -0.09308
07/01/2016 16:15, -0.09283
07/01/2016 16:30, -0.09283
07/01/2016 16:45, -0.09108
07/01/2016 17:00, -0.09141
07/01/2016 17:15, -0.09141
07/01/2016 17:30, -0.09175
07/01/2016 17:45, -0.08866
07/01/2016 18:00, -0.09133
07/01/2016 18:15, -0.09083
07/01/2016 18:30, -0.09291
07/01/2016 18:45, -0.09058
07/01/2016 19:00, -0.09075
07/01/2016 19:15, -0.09191
07/01/2016 19:30, -0.09075
07/01/2016 19:45, -0.08816
07/01/2016 20:00, -0.0905
07/01/2016 20:15, -0.0925
07/01/2016 20:30, -0.0925
07/01/2016 20:45, -0.0905
07/01/2016 21:00, -0.0925
07/01/2016 21:15, -0.09541
07/01/2016 21:30, -0.0925
07/01/2016 21:45, -0.09366
07/01/2016 22:00, -0.09366
07/01/2016 22:15, -0.09333
07/01/2016 22:30, -0.09666
07/01/2016 22:45, -0.09575
07/01/2016 23:00, -0.09491
07/01/2016 23:15, -0.09866
07/01/2016 23:30, -0.09566
07/01/2016 23:45, -0.09741
07/02/2016 00:00, -0.09533
07/02/2016 00:15, -0.09508
07/02/2016 00:30, -0.09475
07/02/2016 00:45, -0.09216
07/02/2016 01:00, -0.09508
07/02/2016 01:15, -0.09391
07/02/2016 01:30, -0.09366
07/02/2016 01:45, -0.09683
07/02/2016 02:00, -0.096
07/02/2016 02:15, -0.09833
07/02/2016 02:30, -0.10008
07/02/2016 02:45, -0.09775
07/02/2016 03:00, -0.09891
07/02/2016 03:15, -0.09775
07/02/2016 03:30, -0.09658
07/02/2016 03:45, -0.09425
07/02/2016 04:00, -0.0995
07/02/2016 04:15, -0.09833
07/02/2016 04:30, -0.09833
07/02/2016 04:45, -0.09775
07/02/2016 05:00, -0.09725
07/02/2016 05:15, -0.099
07/02/2016 05:30, -0.099
07/02/2016 05:45, -0.09866
07/02/2016 06:00, -0.09983
07/02/2016 06:15, -0.101
07/02/2016 06:30, -0.09566
07/02/2016 06:45, -0.09858
07/02/2016 07:00, -0.10175
07/02/2016 07:15, -0.10208
07/02/2016 07:30, -0.09566
07/02/2016 07:45, -0.09683
07/02/2016 08:00, -0.098
07/02/2016 08:15, -0.09941
07/02/2016 08:30, -0.1035
07/02/2016 08:45, -0.09941
07/02/2016 09:00, -0.10058
07/02/2016 09:15, -0.09975
07/02/2016 09:30, -0.09975
07/02/2016 09:45, -0.09975
07/02/2016 10:00, -0.09916
07/02/2016 10:15, -0.096
07/02/2016 10:30, -0.09366
07/02/2016 10:45, -0.09483
07/02/2016 11:00, -0.09425
07/02/2016 11:15, -0.0925
07/02/2016 11:30, -0.09108
07/02/2016 11:45, -0.0905
07/02/2016 12:00, -0.08875
07/02/2016 12:15, -0.09108
07/02/2016 12:30, -0.08675
07/02/2016 12:45, -0.08908
07/02/2016 13:00, -0.08908
07/02/2016 13:15, -0.08791
07/02/2016 13:30, -0.08941
07/02/2016 13:45, -0.08941
07/02/2016 14:00, -0.088
07/02/2016 14:15, -0.08683
07/02/2016 14:30, -0.08683
07/02/2016 14:45, -0.08858
07/02/2016 15:00, -0.08483
07/02/2016 15:15, -0.08716
07/02/2016 15:30, -0.0895
07/02/2016 15:45, -0.08483
07/02/2016 16:00, -0.09041
07/02/2016 16:15, -0.0895
07/02/2016 16:30, -0.09041
07/02/2016 16:45, -0.08983
07/02/2016 17:00, -0.08983
07/02/2016 17:15, -0.08866
07/02/2016 17:30, -0.09041
07/02/2016 17:45, -0.08866
07/02/2016 18:00, -0.091
07/02/2016 18:15, -0.09133
07/02/2016 18:30, -0.08958
07/02/2016 18:45, -0.08525
07/02/2016 19:00, -0.08583
07/02/2016 19:15, -0.08583
07/02/2016 19:30, -0.08816
07/02/2016 19:45, -0.08725
07/02/2016 20:00, -0.08725
07/02/2016 20:15, -0.08525
07/02/2016 20:30, -0.08958
07/02/2016 20:45, -0.09133
07/02/2016 21:00, -0.08958
07/02/2016 21:15, -0.09366
07/02/2016 21:30, -0.08958
07/02/2016 21:45, -0.08958
07/02/2016 22:00, -0.09058
07/02/2016 22:15, -0.09133
07/02/2016 22:30, -0.09466
07/02/2016 22:45, -0.09291
07/02/2016 23:00, -0.09566
07/02/2016 23:15, -0.09666
07/02/2016 23:30, -0.09391
07/02/2016 23:45, -0.09566
07/03/2016 00:00, -0.09741
07/03/2016 00:15, -0.09366
07/03/2016 00:30, -0.096
07/03/2016 00:45, -0.096
07/03/2016 01:00, -0.09366
07/03/2016 01:15, -0.09366
07/03/2016 01:30, -0.096
07/03/2016 01:45, -0.09658
07/03/2016 02:00, -0.09458
07/03/2016 02:15, -0.09808
07/03/2016 02:30, -0.09866
07/03/2016 02:45, -0.09666
07/03/2016 03:00, -0.09491
07/03/2016 03:15, -0.09691
07/03/2016 03:30, -0.09725
07/03/2016 03:45, -0.09575
07/03/2016 04:00, -0.10158
07/03/2016 04:15, -0.09725
07/03/2016 04:30, -0.09783
07/03/2016 04:45, -0.09725
07/03/2016 05:00, -0.09783
07/03/2016 05:15, -0.09491
07/03/2016 05:30, -0.09725
07/03/2016 05:45, -0.0955
07/03/2016 06:00, -0.09766
07/03/2016 06:15, -0.09966
07/03/2016 06:30, -0.09533
07/03/2016 06:45, -0.10025
07/03/2016 07:00, -0.099
07/03/2016 07:15, -0.099
07/03/2016 07:30, -0.09825
07/03/2016 07:45, -0.09858
07/03/2016 08:00, -0.09883
07/03/2016 08:15, -0.09683
07/03/2016 08:30, -0.09591
07/03/2016 08:45, -0.0945
07/03/2016 09:00, -0.0965
07/03/2016 09:15, -0.09275
07/03/2016 09:30, -0.09508
07/03/2016 09:45, -0.09033
07/03/2016 10:00, -0.09208
07/03/2016 10:15, -0.09533
07/03/2016 10:30, -0.09283
07/03/2016 10:45, -0.08966
07/03/2016 11:00, -0.09258
07/03/2016 11:15, -0.0885
07/03/2016 11:30, -0.0885
07/03/2016 11:45, -0.08908
07/03/2016 12:00, -0.08766
07/03/2016 12:15, -0.09116
07/03/2016 12:30, -0.08566
07/03/2016 12:45, -0.08975
07/03/2016 13:00, -0.08683
07/03/2016 13:15, -0.08891
07/03/2016 13:30, -0.08483
07/03/2016 13:45, -0.08383
07/03/2016 14:00, -0.0885
07/03/2016 14:15, -0.08533
07/03/2016 14:30, -0.08708
07/03/2016 14:45, -0.088
07/03/2016 15:00, -0.088
07/03/2016 15:15, -0.08683
07/03/2016 15:30, -0.08858
07/03/2016 15:45, -0.08658
07/03/2016 16:00, -0.08691
07/03/2016 16:15, -0.08633
07/03/2016 16:30, -0.08691
07/03/2016 16:45, -0.08633
07/03/2016 17:00, -0.08866
07/03/2016 17:15, -0.08841
07/03/2016 17:30, -0.08783
07/03/2016 17:45, -0.09016
07/03/2016 18:00, -0.08975
07/03/2016 18:15, -0.08875
07/03/2016 18:30, -0.09225
07/03/2016 18:45, -0.09458
07/03/2016 19:00, -0.09766
07/03/2016 19:15, -0.09491
07/03/2016 19:30, -0.09491
07/03/2016 19:45, -0.09391
07/03/2016 20:00, -0.09408
07/03/2016 20:15, -0.09916
07/03/2016 20:30, -0.09716
07/03/2016 20:45, -0.09575
07/03/2016 21:00, -0.09458
07/03/2016 21:15, -0.094
07/03/2016 21:30, -0.0985
07/03/2016 21:45, -0.09558
07/03/2016 22:00, -0.09675
07/03/2016 22:15, -0.095
07/03/2016 22:30, -0.10225
07/03/2016 22:45, -0.09616
07/03/2016 23:00, -0.09675
07/03/2016 23:15, -0.09791
07/03/2016 23:30, -0.09908
07/03/2016 23:45, -0.09575
07/04/2016 00:00, -0.09925
07/04/2016 00:15, -0.09925
07/04/2016 00:30, -0.101
07/04/2016 00:45, -0.101
07/04/2016 01:00, -0.09841
07/04/2016 01:15, -0.09841
07/04/2016 01:30, -0.09958
07/04/2016 01:45, -0.09958
07/04/2016 02:00, -0.10283
07/04/2016 02:15, -0.1005
07/04/2016 02:30, -0.09883
07/04/2016 02:45, -0.0965
07/04/2016 03:00, -0.10141
07/04/2016 03:15, -0.09708
07/04/2016 03:30, -0.10325
07/04/2016 03:45, -0.099
07/04/2016 04:00, -0.10225
07/04/2016 04:15, -0.10183
07/04/2016 04:30, -0.10391
07/04/2016 04:45, -0.10158
07/04/2016 05:00, -0.09941
07/04/2016 05:15, -0.09941
07/04/2016 05:30, -0.09975
07/04/2016 05:45, -0.10208
07/04/2016 06:00, -0.1025
07/04/2016 06:15, -0.1005
07/04/2016 06:30, -0.10308
07/04/2016 06:45, -0.10108
07/04/2016 07:00, -0.10308
07/04/2016 07:15, -0.09941
07/04/2016 07:30, -0.10116
07/04/2016 07:45, -0.09975
07/04/2016 08:00, -0.1055
07/04/2016 08:15, -0.1035
07/04/2016 08:30, -0.1025
07/04/2016 08:45, -0.10066
07/04/2016 09:00, -0.10066
07/04/2016 09:15, -0.10166
07/04/2016 09:30, -0.10258
07/04/2016 09:45, -0.10058
07/04/2016 10:00, -0.09683
07/04/2016 10:15, -0.09975
07/04/2016 10:30, -0.0995
07/04/2016 10:45, -0.09758
07/04/2016 11:00, -0.09558
07/04/2016 11:15, -0.09283
07/04/2016 11:30, -0.09375
07/04/2016 11:45, -0.09375
07/04/2016 12:00, -0.09375
07/04/2016 12:15, -0.09233
07/04/2016 12:30, -0.097
07/04/2016 12:45, -0.09158
07/04/2016 13:00, -0.09366
07/04/2016 13:15, -0.09366
07/04/2016 13:30, -0.096
07/04/2016 13:45, -0.0915
07/04/2016 14:00, -0.0915
07/04/2016 14:15, -0.09325
07/04/2016 14:30, -0.09125
07/04/2016 14:45, -0.09275
07/04/2016 15:00, -0.09358
07/04/2016 15:15, -0.09591
07/04/2016 15:30, -0.09241
07/04/2016 15:45, -0.09475
07/04/2016 16:00, -0.09625
07/04/2016 16:15, -0.09491
07/04/2016 16:30, -0.09491
07/04/2016 16:45, -0.09783
07/04/2016 17:00, -0.0955
07/04/2016 17:15, -0.09525
07/04/2016 17:30, -0.09525
07/04/2016 17:45, -0.09525
07/04/2016 18:00, -0.09966
07/04/2016 18:15, -0.09733
07/04/2016 18:30, -0.09475
07/04/2016 18:45, -0.09683
07/04/2016 19:00, -0.09775
07/04/2016 19:15, -0.09833
07/04/2016 19:30, -0.096
07/04/2016 19:45, -0.09625
07/04/2016 20:00, -0.09541
07/04/2016 20:15, -0.09683
07/04/2016 20:30, -0.09708
07/04/2016 20:45, -0.09916
07/04/2016 21:00, -0.09591
07/04/2016 21:15, -0.09883
07/04/2016 21:30, -0.10375
07/04/2016 21:45, -0.09875
07/04/2016 22:00, -0.10108
07/04/2016 22:15, -0.10341
07/04/2016 22:30, -0.0985
07/04/2016 22:45, -0.099
07/04/2016 23:00, -0.10508
07/04/2016 23:15, -0.101
07/04/2016 23:30, -0.101
07/04/2016 23:45, -0.10333
07/05/2016 00:00, -0.10366
07/05/2016 00:15, -0.1025
07/05/2016 00:30, -0.10708
07/05/2016 00:45, -0.10675
07/05/2016 01:00, -0.10416
07/05/2016 01:15, -0.10475
07/05/2016 01:30, -0.10683
07/05/2016 01:45, -0.108
07/05/2016 02:00, -0.1065
07/05/2016 02:15, -0.10258
07/05/2016 02:30, -0.10733
07/05/2016 02:45, -0.10708
07/05/2016 03:00, -0.10341
07/05/2016 03:15, -0.10891
07/05/2016 03:30, -0.10691
07/05/2016 03:45, -0.10491
07/05/2016 04:00, -0.10608
07/05/2016 04:15, -0.10475
07/05/2016 04:30, -0.10566
07/05/2016 04:45, -0.108
07/05/2016 05:00, -0.10658
07/05/2016 05:15, -0.10516
07/05/2016 05:30, -0.10341
07/05/2016 05:45, -0.10808
07/05/2016 06:00, -0.10658
07/05/2016 06:15, -0.108
07/05/2016 06:30, -0.10566
07/05/2016 06:45, -0.10533
07/05/2016 07:00, -0.10475
07/05/2016 07:15, -0.103
07/05/2016 07:30, -0.10066
07/05/2016 07:45, -0.10066
07/05/2016 08:00, -0.09716
07/05/2016 08:15, -0.10008
07/05/2016 08:30, -0.09733
07/05/2016 08:45, -0.09733
07/05/2016 09:00, -0.10108
07/05/2016 09:15, -0.09716
07/05/2016 09:30, -0.096
07/05/2016 09:45, -0.09425
07/05/2016 10:00, -0.09425
07/05/2016 10:15, -0.09341
07/05/2016 10:30, -0.09658
07/05/2016 10:45, -0.09733
07/05/2016 11:00, -0.09441
07/05/2016 11:15, -0.09558
07/05/2016 11:30, -0.09325
07/05/2016 11:45, -0.09716
07/05/2016 12:00, -0.09658
07/05/2016 12:15, -0.09833
07/05/2016 12:30, -0.09566
07/05/2016 12:45, -0.09833
07/05/2016 13:00, -0.10066
07/05/2016 13:15, -0.10125
07/05/2016 13:30, -0.0995
07/05/2016 13:45, -0.09891
07/05/2016 14:00, -0.10358
07/05/2016 14:15, -0.10183
07/05/2016 14:30, -0.0975
07/05/2016 14:45, -0.10058
07/05/2016 15:00, -0.10116
07/05/2016 15:15, -0.10116
07/05/2016 15:30, -0.1
07/05/2016 15:45, -0.09975
07/05/2016 16:00, -0.09858
07/05/2016 16:15, -0.09566
07/05/2016 16:30, -0.09741
07/05/2016 16:45, -0.09975
07/05/2016 17:00, -0.09775
07/05/2016 17:15, -0.09833
07/05/2016 17:30, -0.09691
07/05/2016 17:45, -0.099
07/05/2016 18:00, -0.09983
07/05/2016 18:15, -0.10416
07/05/2016 18:30, -0.10475
07/05/2016 18:45, -0.101
07/05/2016 19:00, -0.10133
07/05/2016 19:15, -0.1045
07/05/2016 19:30, -0.10816
07/05/2016 19:45, -0.10725
07/05/2016 20:00, -0.10891
07/05/2016 20:15, -0.11233
07/05/2016 20:30, -0.10683
07/05/2016 20:45, -0.111
07/05/2016 21:00, -0.10983
07/05/2016 21:15, -0.11216
07/05/2016 21:30, -0.11241
07/05/2016 21:45, -0.10891
07/05/2016 22:00, -0.11066
07/05/2016 22:15, -0.10716
07/05/2016 22:30, -0.11008
07/05/2016 22:45, -0.11041
07/05/2016 23:00, -0.10983
07/05/2016 23:15, -0.11016
07/05/2016 23:30, -0.10783
07/05/2016 23:45, -0.1075
07/06/2016 00:00, -0.10925
07/06/2016 00:15, -0.10925
07/06/2016 00:30, -0.10908
07/06/2016 00:45, -0.10791
07/06/2016 01:00, -0.10816
07/06/2016 01:15, -0.1095
07/06/2016 01:30, -0.10833
07/06/2016 01:45, -0.11033
07/06/2016 02:00, -0.108
07/06/2016 02:15, -0.10891
07/06/2016 02:30, -0.10833
07/06/2016 02:45, -0.10825
07/06/2016 03:00, -0.11058
07/06/2016 03:15, -0.11008
07/06/2016 03:30, -0.11008
07/06/2016 03:45, -0.11125
07/06/2016 04:00, -0.10808
07/06/2016 04:15, -0.10516
07/06/2016 04:30, -0.10775
07/06/2016 04:45, -0.10583
07/06/2016 05:00, -0.10716
07/06/2016 05:15, -0.10658
07/06/2016 05:30, -0.10891
07/06/2016 05:45, -0.10875
07/06/2016 06:00, -0.11191
07/06/2016 06:15, -0.10783
07/06/2016 06:30, -0.10433
07/06/2016 06:45, -0.10708
07/06/2016 07:00, -0.10825
07/06/2016 07:15, -0.10325
07/06/2016 07:30, -0.10558
07/06/2016 07:45, -0.10625
07/06/2016 08:00, -0.10383
07/06/2016 08:15, -0.10325
07/06/2016 08:30, -0.09858
07/06/2016 08:45, -0.09841
07/06/2016 09:00, -0.09783
07/06/2016 09:15, -0.10058
07/06/2016 09:30, -0.09858
07/06/2016 09:45, -0.09766
07/06/2016 10:00, -0.09766
07/06/2016 10:15, -0.09883
07/06/2016 10:30, -0.09691
07/06/2016 10:45, -0.09633
07/06/2016 11:00, -0.10058
07/06/2016 11:15, -0.10058
07/06/2016 11:30, -0.09975
07/06/2016 11:45, -0.10208
07/06/2016 12:00, -0.098
07/06/2016 12:15, -0.099
07/06/2016 12:30, -0.1025
07/06/2016 12:45, -0.10191
07/06/2016 13:00, -0.09975
07/06/2016 13:15, -0.10208
07/06/2016 13:30, -0.10241
07/06/2016 13:45, -0.10066
07/06/2016 14:00, -0.10225
07/06/2016 14:15, -0.09966
07/06/2016 14:30, -0.09966
07/06/2016 14:45, -0.10083
07/06/2016 15:00, -0.10083
07/06/2016 15:15, -0.10116
07/06/2016 15:30, -0.09708
07/06/2016 15:45, -0.09825
07/06/2016 16:00, -0.09766
07/06/2016 16:15, -0.099
07/06/2016 16:30, -0.09725
07/06/2016 16:45, -0.09666
07/06/2016 17:00, -0.09375
07/06/2016 17:15, -0.094
07/06/2016 17:30, -0.09691
07/06/2016 17:45, -0.094
07/06/2016 18:00, -0.10075
07/06/2016 18:15, -0.09566
07/06/2016 18:30, -0.09841
07/06/2016 18:45, -0.10033
07/06/2016 19:00, -0.10133
07/06/2016 19:15, -0.09975
07/06/2016 19:30, -0.10075
07/06/2016 19:45, -0.10033
07/06/2016 20:00, -0.10208
07/06/2016 20:15, -0.09975
07/06/2016 20:30, -0.10066
07/06/2016 20:45, -0.10241
07/06/2016 21:00, -0.10283
07/06/2016 21:15, -0.10308
07/06/2016 21:30, -0.10158
07/06/2016 21:45, -0.1055
07/06/2016 22:00, -0.104
07/06/2016 22:15, -0.10516
07/06/2016 22:30, -0.10633
07/06/2016 22:45, -0.10575
07/06/2016 23:00, -0.10433
07/06/2016 23:15, -0.10491
07/06/2016 23:30, -0.10575
07/06/2016 23:45, -0.1065
07/07/2016 00:00, -0.10883
07/07/2016 00:15, -0.10575
07/07/2016 00:30, -0.10516
07/07/2016 00:45, -0.10633
07/07/2016 01:00, -0.10758
07/07/2016 01:15, -0.10758
07/07/2016 01:30, -0.106
07/07/2016 01:45, -0.10716
07/07/2016 02:00, -0.10208
07/07/2016 02:15, -0.10208
07/07/2016 02:30, -0.10441
07/07/2016 02:45, -0.10616
07/07/2016 03:00, -0.1005
07/07/2016 03:15, -0.1025
07/07/2016 03:30, -0.10175
07/07/2016 03:45, -0.10033
07/07/2016 04:00, -0.10091
07/07/2016 04:15, -0.10516
07/07/2016 04:30, -0.10083
07/07/2016 04:45, -0.10008
07/07/2016 05:00, -0.10125
07/07/2016 05:15, -0.10066
07/07/2016 05:30, -0.10083
07/07/2016 05:45, -0.09941
07/07/2016 06:00, -0.10083
07/07/2016 06:15, -0.10083
07/07/2016 06:30, -0.09791
07/07/2016 06:45, -0.10166
07/07/2016 07:00, -0.09933
07/07/2016 07:15, -0.10133
07/07/2016 07:30, -0.09825
07/07/2016 07:45, -0.09841
07/07/2016 08:00, -0.09866
07/07/2016 08:15, -0.09633
07/07/2016 08:30, -0.10016
07/07/2016 08:45, -0.09683
07/07/2016 09:00, -0.09583
07/07/2016 09:15, -0.0955
07/07/2016 09:30, -0.09466
07/07/2016 09:45, -0.09641
07/07/2016 10:00, -0.09275
07/07/2016 10:15, -0.0945
07/07/2016 10:30, -0.09491
07/07/2016 10:45, -0.09433
07/07/2016 11:00, -0.09808
07/07/2016 11:15, -0.09466
07/07/2016 11:30, -0.09408
07/07/2016 11:45, -0.10016
07/07/2016 12:00, -0.09858
07/07/2016 12:15, -0.10266
07/07/2016 12:30, -0.09825
07/07/2016 12:45, -0.09591
07/07/2016 13:00, -0.09625
07/07/2016 13:15, -0.09491
07/07/2016 13:30, -0.09725
07/07/2016 13:45, -0.09783
07/07/2016 14:00, -0.09683
07/07/2016 14:15, -0.09975
07/07/2016 14:30, -0.09716
07/07/2016 14:45, -0.09916
07/07/2016 15:00, -0.09775
07/07/2016 15:15, -0.09641
07/07/2016 15:30, -0.09466
07/07/2016 15:45, -0.09525
07/07/2016 16:00, -0.09933
07/07/2016 16:15, -0.097
07/07/2016 16:30, -0.09525
07/07/2016 16:45, -0.09733
07/07/2016 17:00, -0.09558
07/07/2016 17:15, -0.09766
07/07/2016 17:30, -0.0965
07/07/2016 17:45, -0.09741
07/07/2016 18:00, -0.09366
07/07/2016 18:15, -0.09366
07/07/2016 18:30, -0.096
07/07/2016 18:45, -0.096
07/07/2016 19:00, -0.09833
07/07/2016 19:15, -0.09483
07/07/2016 19:30, -0.09741
07/07/2016 19:45, -0.09658
07/07/2016 20:00, -0.0995
07/07/2016 20:15, -0.10008
07/07/2016 20:30, -0.09658
07/07/2016 20:45, -0.101
07/07/2016 21:00, -0.1
07/07/2016 21:15, -0.09958
07/07/2016 21:30, -0.1005
07/07/2016 21:45, -0.1005
07/07/2016 22:00, -0.09991
07/07/2016 22:15, -0.09991
07/07/2016 22:30, -0.10283
07/07/2016 22:45, -0.10225
07/07/2016 23:00, -0.10283
07/07/2016 23:15, -0.10283
07/07/2016 23:30, -0.09908
07/07/2016 23:45, -0.10233
07/08/2016 00:00, -0.10433
07/08/2016 00:15, -0.10375
07/08/2016 00:30, -0.10516
07/08/2016 00:45, -0.10891
07/08/2016 01:00, -0.11033
07/08/2016 01:15, -0.11075
07/08/2016 01:30, -0.11191
07/08/2016 01:45, -0.11541
07/08/2016 02:00, -0.11166
07/08/2016 02:15, -0.11433
07/08/2016 02:30, -0.11258
07/08/2016 02:45, -0.112
07/08/2016 03:00, -0.10875
07/08/2016 03:15, -0.11308
07/08/2016 03:30, -0.10933
07/08/2016 03:45, -0.10933
07/08/2016 04:00, -0.114
07/08/2016 04:15, -0.107
07/08/2016 04:30, -0.10858
07/08/2016 04:45, -0.108
07/08/2016 05:00, -0.11158
07/08/2016 05:15, -0.11008
07/08/2016 05:30, -0.10716
07/08/2016 05:45, -0.108
07/08/2016 06:00, -0.11
07/08/2016 06:15, -0.10883
07/08/2016 06:30, -0.1085
07/08/2016 06:45, -0.10616
07/08/2016 07:00, -0.10558
07/08/2016 07:15, -0.10566
07/08/2016 07:30, -0.10216
07/08/2016 07:45, -0.10158
07/08/2016 08:00, -0.101
07/08/2016 08:15, -0.10475
07/08/2016 08:30, -0.1025
07/08/2016 08:45, -0.10075
07/08/2016 09:00, -0.10016
07/08/2016 09:15, -0.09925
07/08/2016 09:30, -0.10066
07/08/2016 09:45, -0.1015
07/08/2016 10:00, -0.10116
07/08/2016 10:15, -0.10058
07/08/2016 10:30, -0.10066
07/08/2016 10:45, -0.09833
07/08/2016 11:00, -0.09683
07/08/2016 11:15, -0.09858
07/08/2016 11:30, -0.10025
07/08/2016 11:45, -0.10158
07/08/2016 12:00, -0.09658
07/08/2016 12:15, -0.098
07/08/2016 12:30, -0.09975
07/08/2016 12:45, -0.09741
07/08/2016 13:00, -0.09708
07/08/2016 13:15, -0.10058
07/08/2016 13:30, -0.09808
07/08/2016 13:45, -0.09483
07/08/2016 14:00, -0.09566
07/08/2016 14:15, -0.09725
07/08/2016 14:30, -0.09433
07/08/2016 14:45, -0.09608
07/08/2016 15:00, -0.094
07/08/2016 15:15, -0.094
07/08/2016 15:30, -0.094
07/08/2016 15:45, -0.09383
07/08/2016 16:00, -0.0915
07/08/2016 16:15, -0.09291
07/08/2016 16:30, -0.09533
07/08/2016 16:45, -0.09358
07/08/2016 17:00, -0.095
07/08/2016 17:15, -0.09208
07/08/2016 17:30, -0.09208
07/08/2016 17:45, -0.09441
07/08/2016 18:00, -0.09583
07/08/2016 18:15, -0.09175
07/08/2016 18:30, -0.09525
07/08/2016 18:45, -0.0955
07/08/2016 19:00, -0.092
07/08/2016 19:15, -0.09308
07/08/2016 19:30, -0.09425
07/08/2016 19:45, -0.09033
07/08/2016 20:00, -0.095
07/08/2016 20:15, -0.09408
07/08/2016 20:30, -0.09408
07/08/2016 20:45, -0.09275
07/08/2016 21:00, -0.09275
07/08/2016 21:15, -0.09491
07/08/2016 21:30, -0.09283
07/08/2016 21:45, -0.094
07/08/2016 22:00, -0.09541
07/08/2016 22:15, -0.09366
07/08/2016 22:30, -0.09716
07/08/2016 22:45, -0.09441
07/08/2016 23:00, -0.09583
07/08/2016 23:15, -0.09641
07/08/2016 23:30, -0.09366
07/08/2016 23:45, -0.09541
07/09/2016 00:00, -0.09308
07/09/2016 00:15, -0.09975
07/09/2016 00:30, -0.09508
07/09/2016 00:45, -0.09275
07/09/2016 01:00, -0.09958
07/09/2016 01:15, -0.0955
07/09/2016 01:30, -0.09083
07/09/2016 01:45, -0.0965
07/09/2016 02:00, -0.09766
07/09/2016 02:15, -0.09358
07/09/2016 02:30, -0.09966
07/09/2016 02:45, -0.09533
07/09/2016 03:00, -0.095
07/09/2016 03:15, -0.095
07/09/2016 03:30, -0.09441
07/09/2016 03:45, -0.09175
07/09/2016 04:00, -0.0965
07/09/2016 04:15, -0.09533
07/09/2016 04:30, -0.09766
07/09/2016 04:45, -0.09766
07/09/2016 05:00, -0.09733
07/09/2016 05:15, -0.09558
07/09/2016 05:30, -0.09516
07/09/2016 05:45, -0.09866
07/09/2016 06:00, -0.09516
07/09/2016 06:15, -0.09516
07/09/2016 06:30, -0.09516
07/09/2016 06:45, -0.09516
07/09/2016 07:00, -0.09691
07/09/2016 07:15, -0.09458
07/09/2016 07:30, -0.09191
07/09/2016 07:45, -0.09541
07/09/2016 08:00, -0.09225
07/09/2016 08:15, -0.09541
07/09/2016 08:30, -0.096
07/09/2016 08:45, -0.096
07/09/2016 09:00, -0.09608
07/09/2016 09:15, -0.099
07/09/2016 09:30, -0.097
07/09/2016 09:45, -0.09583
07/09/2016 10:00, -0.09583
07/09/2016 10:15, -0.09383
07/09/2016 10:30, -0.09341
07/09/2016 10:45, -0.09541
07/09/2016 11:00, -0.09658
07/09/2016 11:15, -0.09458
07/09/2016 11:30, -0.0905
07/09/2016 11:45, -0.09325
07/09/2016 12:00, -0.08858
07/09/2016 12:15, -0.09291
07/09/2016 12:30, -0.08658
07/09/2016 12:45, -0.08916
07/09/2016 13:00, -0.0915
07/09/2016 13:15, -0.08741
07/09/2016 13:30, -0.08975
07/09/2016 13:45, -0.08908
07/09/2016 14:00, -0.0885
07/09/2016 14:15, -0.092
07/09/2016 14:30, -0.08825
07/09/2016 14:45, -0.08766
07/09/2016 15:00, -0.09058
07/09/2016 15:15, -0.08825
07/09/2016 15:30, -0.08975
07/09/2016 15:45, -0.089
07/09/2016 16:00, -0.08933
07/09/2016 16:15, -0.09133
07/09/2016 16:30, -0.09133
07/09/2016 16:45, -0.09166
07/09/2016 17:00, -0.09366
07/09/2016 17:15, -0.093
07/09/2016 17:30, -0.0895
07/09/2016 17:45, -0.0895
07/09/2016 18:00, -0.08891
07/09/2016 18:15, -0.08791
07/09/2016 18:30, -0.08641
07/09/2016 18:45, -0.0885
07/09/2016 19:00, -0.08816
07/09/2016 19:15, -0.08666
07/09/2016 19:30, -0.08958
07/09/2016 19:45, -0.08916
07/09/2016 20:00, -0.09033
07/09/2016 20:15, -0.08575
07/09/2016 20:30, -0.08808
07/09/2016 20:45, -0.093
07/09/2016 21:00, -0.09283
07/09/2016 21:15, -0.08933
07/09/2016 21:30, -0.0925
07/09/2016 21:45, -0.08841
07/09/2016 22:00, -0.089
07/09/2016 22:15, -0.09133
07/09/2016 22:30, -0.094
07/09/2016 22:45, -0.09458
07/09/2016 23:00, -0.09025
07/09/2016 23:15, -0.09225
07/09/2016 23:30, -0.09166
07/09/2016 23:45, -0.094
07/10/2016 00:00, -0.094
07/10/2016 00:15, -0.09225
07/10/2016 00:30, -0.09258
07/10/2016 00:45, -0.09316
07/10/2016 01:00, -0.09641
07/10/2016 01:15, -0.09558
07/10/2016 01:30, -0.09416
07/10/2016 01:45, -0.09541
07/10/2016 02:00, -0.09775
07/10/2016 02:15, -0.09483
07/10/2016 02:30, -0.09733
07/10/2016 02:45, -0.09583
07/10/2016 03:00, -0.09466
07/10/2016 03:15, -0.09408
07/10/2016 03:30, -0.0965
07/10/2016 03:45, -0.09358
07/10/2016 04:00, -0.09475
07/10/2016 04:15, -0.0945
07/10/2016 04:30, -0.09308
07/10/2016 04:45, -0.09483
07/10/2016 05:00, -0.09508
07/10/2016 05:15, -0.09208
07/10/2016 05:30, -0.09291
07/10/2016 05:45, -0.09175
07/10/2016 06:00, -0.09775
07/10/2016 06:15, -0.09433
07/10/2016 06:30, -0.09491
07/10/2016 06:45, -0.09433
07/10/2016 07:00, -0.09491
07/10/2016 07:15, -0.09608
07/10/2016 07:30, -0.09433
07/10/2016 07:45, -0.09333
07/10/2016 08:00, -0.093
07/10/2016 08:15, -0.09441
07/10/2016 08:30, -0.09441
07/10/2016 08:45, -0.093
07/10/2016 09:00, -0.09533
07/10/2016 09:15, -0.09666
07/10/2016 09:30, -0.09725
07/10/2016 09:45, -0.09525
07/10/2016 10:00, -0.09525
07/10/2016 10:15, -0.092
07/10/2016 10:30, -0.09358
07/10/2016 10:45, -0.08925
07/10/2016 11:00, -0.09216
07/10/2016 11:15, -0.09216
07/10/2016 11:30, -0.09116
07/10/2016 11:45, -0.09116
07/10/2016 12:00, -0.08941
07/10/2016 12:15, -0.09116
07/10/2016 12:30, -0.09041
07/10/2016 12:45, -0.08875
07/10/2016 13:00, -0.08933
07/10/2016 13:15, -0.09108
07/10/2016 13:30, -0.08641
07/10/2016 13:45, -0.08875
07/10/2016 14:00, -0.08733
07/10/2016 14:15, -0.08791
07/10/2016 14:30, -0.08733
07/10/2016 14:45, -0.08358
07/10/2016 15:00, -0.087
07/10/2016 15:15, -0.08408
07/10/2016 15:30, -0.0845
07/10/2016 15:45, -0.08241
07/10/2016 16:00, -0.08341
07/10/2016 16:15, -0.09025
07/10/2016 16:30, -0.08591
07/10/2016 16:45, -0.08683
07/10/2016 17:00, -0.08683
07/10/2016 17:15, -0.0865
07/10/2016 17:30, -0.08825
07/10/2016 17:45, -0.08708
07/10/2016 18:00, -0.08825
07/10/2016 18:15, -0.08883
07/10/2016 18:30, -0.08983
07/10/2016 18:45, -0.08825
07/10/2016 19:00, -0.0855
07/10/2016 19:15, -0.08641
07/10/2016 19:30, -0.08875
07/10/2016 19:45, -0.08841
07/10/2016 20:00, -0.08783
07/10/2016 20:15, -0.08841
07/10/2016 20:30, -0.08783
07/10/2016 20:45, -0.0855
07/10/2016 21:00, -0.0875
07/10/2016 21:15, -0.09066
07/10/2016 21:30, -0.0875
07/10/2016 21:45, -0.08316
07/10/2016 22:00, -0.09075
07/10/2016 22:15, -0.09308
07/10/2016 22:30, -0.0925
07/10/2016 22:45, -0.0905
07/10/2016 23:00, -0.08758
07/10/2016 23:15, -0.09166
07/10/2016 23:30, -0.09025
07/10/2016 23:45, -0.092
07/11/2016 00:00, -0.08733
07/11/2016 00:15, -0.092
07/11/2016 00:30, -0.09583
07/11/2016 00:45, -0.09058
07/11/2016 01:00, -0.09166
07/11/2016 01:15, -0.09241
07/11/2016 01:30, -0.08975
07/11/2016 01:45, -0.09008
07/11/2016 02:00, -0.09533
07/11/2016 02:15, -0.09216
07/11/2016 02:30, -0.09208
07/11/2016 02:45, -0.09616
07/11/2016 03:00, -0.09708
07/11/2016 03:15, -0.09241
07/11/2016 03:30, -0.089
07/11/2016 03:45, -0.09191
07/11/2016 04:00, -0.089
07/11/2016 04:15, -0.09425
07/11/2016 04:30, -0.08875
07/11/2016 04:45, -0.09191
07/11/2016 05:00, -0.09
07/11/2016 05:15, -0.09325
07/11/2016 05:30, -0.09091
07/11/2016 05:45, -0.0925
07/11/2016 06:00, -0.09525
07/11/2016 06:15, -0.09158
07/11/2016 06:30, -0.09616
07/11/2016 06:45, -0.09666
07/11/2016 07:00, -0.09558
07/11/2016 07:15, -0.09675
07/11/2016 07:30, -0.0985
07/11/2016 07:45, -0.09966
07/11/2016 08:00, -0.09908
07/11/2016 08:15, -0.09591
07/11/2016 08:30, -0.0995
07/11/2016 08:45, -0.09866
07/11/2016 09:00, -0.09491
07/11/2016 09:15, -0.09866
07/11/2016 09:30, -0.09941
07/11/2016 09:45, -0.09941
07/11/2016 10:00, -0.09908
07/11/2016 10:15, -0.09775
07/11/2016 10:30, -0.0995
07/11/2016 10:45, -0.09575
07/11/2016 11:00, -0.09675
07/11/2016 11:15, -0.0965
07/11/2016 11:30, -0.09825
07/11/2016 11:45, -0.09616
07/11/2016 12:00, -0.09675
07/11/2016 12:15, -0.09408
07/11/2016 12:30, -0.095
07/11/2016 12:45, -0.09741
07/11/2016 13:00, -0.09916
07/11/2016 13:15, -0.09633
07/11/2016 13:30, -0.094
07/11/2016 13:45, -0.09775
07/11/2016 14:00, -0.09633
07/11/2016 14:15, -0.0985
07/11/2016 14:30, -0.095
07/11/2016 14:45, -0.09325
07/11/2016 15:00, -0.09183
07/11/2016 15:15, -0.08916
07/11/2016 15:30, -0.09266
07/11/2016 15:45, -0.09116
07/11/2016 16:00, -0.09241
07/11/2016 16:15, -0.0925
07/11/2016 16:30, -0.09433
07/11/2016 16:45, -0.08975
07/11/2016 17:00, -0.092
07/11/2016 17:15, -0.09308
07/11/2016 17:30, -0.09341
07/11/2016 17:45, -0.09583
07/11/2016 18:00, -0.092
07/11/2016 18:15, -0.09116
07/11/2016 18:30, -0.09283
07/11/2016 18:45, -0.09625
07/11/2016 19:00, -0.09491
07/11/2016 19:15, -0.09166
07/11/2016 19:30, -0.09525
07/11/2016 19:45, -0.09341
07/11/2016 20:00, -0.09208
07/11/2016 20:15, -0.093
07/11/2016 20:30, -0.09441
07/11/2016 20:45, -0.097
07/11/2016 21:00, -0.09725
07/11/2016 21:15, -0.093
07/11/2016 21:30, -0.09616
07/11/2016 21:45, -0.09691
07/11/2016 22:00, -0.094
07/11/2016 22:15, -0.09425
07/11/2016 22:30, -0.09308
07/11/2016 22:45, -0.09541
07/11/2016 23:00, -0.09316
07/11/2016 23:15, -0.096
07/11/2016 23:30, -0.094
07/11/2016 23:45, -0.09616
07/12/2016 00:00, -0.09341
07/12/2016 00:15, -0.09633
07/12/2016 00:30, -0.09033
07/12/2016 00:45, -0.0935
07/12/2016 01:00, -0.09608
07/12/2016 01:15, -0.09275
07/12/2016 01:30, -0.09241
07/12/2016 01:45, -0.09475
07/12/2016 02:00, -0.09358
07/12/2016 02:15, -0.08833
07/12/2016 02:30, -0.08916
07/12/2016 02:45, -0.0925
07/12/2016 03:00, -0.094
07/12/2016 03:15, -0.09108
07/12/2016 03:30, -0.0905
07/12/2016 03:45, -0.09208
07/12/2016 04:00, -0.09175
07/12/2016 04:15, -0.08883
07/12/2016 04:30, -0.09441
07/12/2016 04:45, -0.08841
07/12/2016 05:00, -0.09133
07/12/2016 05:15, -0.087
07/12/2016 05:30, -0.08875
07/12/2016 05:45, -0.08875
07/12/2016 06:00, -0.08608
07/12/2016 06:15, -0.09016
07/12/2016 06:30, -0.0925
07/12/2016 06:45, -0.09075
07/12/2016 07:00, -0.08608
07/12/2016 07:15, -0.09158
07/12/2016 07:30, -0.0875
07/12/2016 07:45, -0.08716
07/12/2016 08:00, -0.08833
07/12/2016 08:15, -0.08916
07/12/2016 08:30, -0.08741
07/12/2016 08:45, -0.08741
07/12/2016 09:00, -0.08625
07/12/2016 09:15, -0.09116
07/12/2016 09:30, -0.08825
07/12/2016 09:45, -0.08766
07/12/2016 10:00, -0.08941
07/12/2016 10:15, -0.08475
07/12/2016 10:30, -0.08533
07/12/2016 10:45, -0.08708
07/12/2016 11:00, -0.08741
07/12/2016 11:15, -0.08941
07/12/2016 11:30, -0.08533
07/12/2016 11:45, -0.08741
07/12/2016 12:00, -0.08566
07/12/2016 12:15, -0.08983
07/12/2016 12:30, -0.08666
07/12/2016 12:45, -0.08466
07/12/2016 13:00, -0.087
07/12/2016 13:15, -0.08466
07/12/2016 13:30, -0.08408
07/12/2016 13:45, -0.08366
07/12/2016 14:00, -0.08658
07/12/2016 14:15, -0.086
07/12/2016 14:30, -0.08216
07/12/2016 14:45, -0.08308
07/12/2016 15:00, -0.08366
07/12/2016 15:15, -0.08191
07/12/2016 15:30, -0.08191
07/12/2016 15:45, -0.08158
07/12/2016 16:00, -0.08333
07/12/2016 16:15, -0.083
07/12/2016 16:30, -0.08208
07/12/2016 16:45, -0.08366
07/12/2016 17:00, -0.08483
07/12/2016 17:15, -0.0845
07/12/2016 17:30, -0.08175
07/12/2016 17:45, -0.08408
07/12/2016 18:00, -0.08116
07/12/2016 18:15, -0.08291
07/12/2016 18:30, -0.0835
07/12/2016 18:45, -0.0835
07/12/2016 19:00, -0.08291
07/12/2016 19:15, -0.0835
07/12/2016 19:30, -0.0835
07/12/2016 19:45, -0.08583
07/12/2016 20:00, -0.08625
07/12/2016 20:15, -0.08625
07/12/2016 20:30, -0.08625
07/12/2016 20:45, -0.08483
07/12/2016 21:00, -0.08541
07/12/2016 21:15, -0.08816
07/12/2016 21:30, -0.08816
07/12/2016 21:45, -0.08383
07/12/2016 22:00, -0.08383
07/12/2016 22:15, -0.08675
07/12/2016 22:30, -0.08441
07/12/2016 22:45, -0.08616
07/12/2016 23:00, -0.08241
07/12/2016 23:15, -0.08441
07/12/2016 23:30, -0.08791
07/12/2016 23:45, -0.08733
07/13/2016 00:00, -0.08675
07/13/2016 00:15, -0.086
07/13/2016 00:30, -0.085
07/13/2016 00:45, -0.08575
07/13/2016 01:00, -0.08775
07/13/2016 01:15, -0.08308
07/13/2016 01:30, -0.084
07/13/2016 01:45, -0.08633
07/13/2016 02:00, -0.08808
07/13/2016 02:15, -0.08708
07/13/2016 02:30, -0.08591
07/13/2016 02:45, -0.08741
07/13/2016 03:00, -0.08741
07/13/2016 03:15, -0.08741
07/13/2016 03:30, -0.09033
07/13/2016 03:45, -0.08425
07/13/2016 04:00, -0.08441
07/13/2016 04:15, -0.085
07/13/2016 04:30, -0.08758
07/13/2016 04:45, -0.08525
07/13/2016 05:00, -0.08425
07/13/2016 05:15, -0.08541
07/13/2016 05:30, -0.086
07/13/2016 05:45, -0.08425
07/13/2016 06:00, -0.08191
07/13/2016 06:15, -0.08541
07/13/2016 06:30, -0.08758
07/13/2016 06:45, -0.08933
07/13/2016 07:00, -0.0915
07/13/2016 07:15, -0.08975
07/13/2016 07:30, -0.08975
07/13/2016 07:45, -0.08766
07/13/2016 08:00, -0.08841
07/13/2016 08:15, -0.09016
07/13/2016 08:30, -0.08841
07/13/2016 08:45, -0.08566
07/13/2016 09:00, -0.08766
07/13/2016 09:15, -0.08741
07/13/2016 09:30, -0.08825
07/13/2016 09:45, -0.08625
07/13/2016 10:00, -0.08633
07/13/2016 10:15, -0.08808
07/13/2016 10:30, -0.08891
07/13/2016 10:45, -0.08891
07/13/2016 11:00, -0.08541
07/13/2016 11:15, -0.09091
07/13/2016 11:30, -0.08658
07/13/2016 11:45, -0.08625
07/13/2016 12:00, -0.09033
07/13/2016 12:15, -0.08416
07/13/2016 12:30, -0.08766
07/13/2016 12:45, -0.08416
07/13/2016 13:00, -0.08766
07/13/2016 13:15, -0.08766
07/13/2016 13:30, -0.08475
07/13/2016 13:45, -0.08733
07/13/2016 14:00, -0.08575
07/13/2016 14:15, -0.084
07/13/2016 14:30, -0.08575
07/13/2016 14:45, -0.08866
07/13/2016 15:00, -0.08591
07/13/2016 15:15, -0.08733
07/13/2016 15:30, -0.085
07/13/2016 15:45, -0.08533
07/13/2016 16:00, -0.08241
07/13/2016 16:15, -0.08558
07/13/2016 16:30, -0.08733
07/13/2016 16:45, -0.08383
07/13/2016 17:00, -0.08583
07/13/2016 17:15, -0.08525
07/13/2016 17:30, -0.08858
07/13/2016 17:45, -0.08683
07/13/2016 18:00, -0.08483
07/13/2016 18:15, -0.08425
07/13/2016 18:30, -0.08683
07/13/2016 18:45, -0.0865
07/13/2016 19:00, -0.08458
07/13/2016 19:15, -0.08658
07/13/2016 19:30, -0.08541
07/13/2016 19:45, -0.086
07/13/2016 20:00, -0.08775
07/13/2016 20:15, -0.08741
07/13/2016 20:30, -0.08508
07/13/2016 20:45, -0.08916
07/13/2016 21:00, -0.08708
07/13/2016 21:15, -0.08825
07/13/2016 21:30, -0.08791
07/13/2016 21:45, -0.08875
07/13/2016 22:00, -0.08875
07/13/2016 22:15, -0.0905
07/13/2016 22:30, -0.09016
07/13/2016 22:45, -0.08858
07/13/2016 23:00, -0.08858
07/13/2016 23:15, -0.08883
07/13/2016 23:30, -0.08625
07/13/2016 23:45, -0.08766
07/14/2016 00:00, -0.08941
07/14/2016 00:15, -0.08708
07/14/2016 00:30, -0.08708
07/14/2016 00:45, -0.09066
07/14/2016 01:00, -0.08833
07/14/2016 01:15, -0.09008
07/14/2016 01:30, -0.08858
07/14/2016 01:45, -0.08975
07/14/2016 02:00, -0.08541
07/14/2016 02:15, -0.08541
07/14/2016 02:30, -0.08741
07/14/2016 02:45, -0.08858
07/14/2016 03:00, -0.08766
07/14/2016 03:15, -0.09116
07/14/2016 03:30, -0.08783
07/14/2016 03:45, -0.09075
07/14/2016 04:00, -0.09016
07/14/2016 04:15, -0.08691
07/14/2016 04:30, -0.091
07/14/2016 04:45, -0.08866
07/14/2016 05:00, -0.08991
07/14/2016 05:15, -0.08758
07/14/2016 05:30, -0.09308
07/14/2016 05:45, -0.08666
07/14/2016 06:00, -0.09191
07/14/2016 06:15, -0.08375
07/14/2016 06:30, -0.0875
07/14/2016 06:45, -0.08458
07/14/2016 07:00, -0.08658
07/14/2016 07:15, -0.08775
07/14/2016 07:30, -0.08741
07/14/2016 07:45, -0.08508
07/14/2016 08:00, -0.0835
07/14/2016 08:15, -0.0855
07/14/2016 08:30, -0.08316
07/14/2016 08:45, -0.08516
07/14/2016 09:00, -0.08458
07/14/2016 09:15, -0.08525
07/14/2016 09:30, -0.089
07/14/2016 09:45, -0.091
07/14/2016 10:00, -0.08808
07/14/2016 10:15, -0.08633
07/14/2016 10:30, -0.0875
07/14/2016 10:45, -0.08633
07/14/2016 11:00, -0.08891
07/14/2016 11:15, -0.08716
07/14/2016 11:30, -0.0845
07/14/2016 11:45, -0.08591
07/14/2016 12:00, -0.08941
07/14/2016 12:15, -0.085
07/14/2016 12:30, -0.08558
07/14/2016 12:45, -0.08816
07/14/2016 13:00, -0.09016
07/14/2016 13:15, -0.08783
07/14/2016 13:30, -0.08725
07/14/2016 13:45, -0.08458
07/14/2016 14:00, -0.08833
07/14/2016 14:15, -0.08916
07/14/2016 14:30, -0.09091
07/14/2016 14:45, -0.08683
07/14/2016 15:00, -0.08625
07/14/2016 15:15, -0.08966
07/14/2016 15:30, -0.08966
07/14/2016 15:45, -0.08733
07/14/2016 16:00, -0.08733
07/14/2016 16:15, -0.087
07/14/2016 16:30, -0.08816
07/14/2016 16:45, -0.0905
07/14/2016 17:00, -0.08783
07/14/2016 17:15, -0.08958
07/14/2016 17:30, -0.08608
07/14/2016 17:45, -0.08983
07/14/2016 18:00, -0.08575
07/14/2016 18:15, -0.0875
07/14/2016 18:30, -0.08833
07/14/2016 18:45, -0.09266
07/14/2016 19:00, -0.08391
07/14/2016 19:15, -0.08941
07/14/2016 19:30, -0.08883
07/14/2016 19:45, -0.09025
07/14/2016 20:00, -0.08791
07/14/2016 20:15, -0.0885
07/14/2016 20:30, -0.08791
07/14/2016 20:45, -0.08733
07/14/2016 21:00, -0.08541
07/14/2016 21:15, -0.08483
07/14/2016 21:30, -0.0825
07/14/2016 21:45, -0.08858
07/14/2016 22:00, -0.08741
07/14/2016 22:15, -0.08333
07/14/2016 22:30, -0.08533
07/14/2016 22:45, -0.08708
07/14/2016 23:00, -0.08733
07/14/2016 23:15, -0.08908
07/14/2016 23:30, -0.088
07/14/2016 23:45, -0.08708
07/15/2016 00:00, -0.09141
07/15/2016 00:15, -0.08733
07/15/2016 00:30, -0.0885
07/15/2016 00:45, -0.08791
07/15/2016 01:00, -0.08675
07/15/2016 01:15, -0.0905
07/15/2016 01:30, -0.08816
07/15/2016 01:45, -0.08758
07/15/2016 02:00, -0.087
07/15/2016 02:15, -0.087
07/15/2016 02:30, -0.089
07/15/2016 02:45, -0.08841
07/15/2016 03:00, -0.08433
07/15/2016 03:15, -0.08508
07/15/2016 03:30, -0.088
07/15/2016 03:45, -0.09033
07/15/2016 04:00, -0.08216
07/15/2016 04:15, -0.08858
07/15/2016 04:30, -0.08625
07/15/2016 04:45, -0.088
07/15/2016 05:00, -0.088
07/15/2016 05:15, -0.08716
07/15/2016 05:30, -0.08658
07/15/2016 05:45, -0.08858
07/15/2016 06:00, -0.08625
07/15/2016 06:15, -0.09091
07/15/2016 06:30, -0.088
07/15/2016 06:45, -0.09033
07/15/2016 07:00, -0.09208
07/15/2016 07:15, -0.09
07/15/2016 07:30, -0.09175
07/15/2016 07:45, -0.09
07/15/2016 08:00, -0.09375
07/15/2016 08:15, -0.08733
07/15/2016 08:30, -0.09016
07/15/2016 08:45, -0.08783
07/15/2016 09:00, -0.08958
07/15/2016 09:15, -0.09158
07/15/2016 09:30, -0.08783
07/15/2016 09:45, -0.09108
07/15/2016 10:00, -0.08966
07/15/2016 10:15, -0.08966
07/15/2016 10:30, -0.08591
07/15/2016 10:45, -0.09141
07/15/2016 11:00, -0.08766
07/15/2016 11:15, -0.08825
07/15/2016 11:30, -0.0845
07/15/2016 11:45, -0.08625
07/15/2016 12:00, -0.08908
07/15/2016 12:15, -0.085
07/15/2016 12:30, -0.085
07/15/2016 12:45, -0.08625
07/15/2016 13:00, -0.0845
07/15/2016 13:15, -0.09
07/15/2016 13:30, -0.08766
07/15/2016 13:45, -0.088
07/15/2016 14:00, -0.08333
07/15/2016 14:15, -0.08625
07/15/2016 14:30, -0.08675
07/15/2016 14:45, -0.085
07/15/2016 15:00, -0.083
07/15/2016 15:15, -0.08483
07/15/2016 15:30, -0.08483
07/15/2016 15:45, -0.08541
07/15/2016 16:00, -0.0875
07/15/2016 16:15, -0.08575
07/15/2016 16:30, -0.08266
07/15/2016 16:45, -0.08325
07/15/2016 17:00, -0.08125
07/15/2016 17:15, -0.08433
07/15/2016 17:30, -0.08433
07/15/2016 17:45, -0.08291
07/15/2016 18:00, -0.08058
07/15/2016 18:15, -0.08525
07/15/2016 18:30, -0.08583
07/15/2016 18:45, -0.08866
07/15/2016 19:00, -0.08225
07/15/2016 19:15, -0.08166
07/15/2016 19:30, -0.08458
07/15/2016 19:45, -0.08408
07/15/2016 20:00, -0.08641
07/15/2016 20:15, -0.08225
07/15/2016 20:30, -0.084
07/15/2016 20:45, -0.084
07/15/2016 21:00, -0.08866
07/15/2016 21:15, -0.08166
07/15/2016 21:30, -0.08425
07/15/2016 21:45, -0.08433
07/15/2016 22:00, -0.08841
07/15/2016 22:15, -0.087
07/15/2016 22:30, -0.08841
07/15/2016 22:45, -0.08841
07/15/2016 23:00, -0.08308
07/15/2016 23:15, -0.08308
07/15/2016 23:30, -0.0845
07/15/2016 23:45, -0.08216
07/16/2016 00:00, -0.08216
07/16/2016 00:15, -0.0845
07/16/2016 00:30, -0.0845
07/16/2016 00:45, -0.08158
07/16/2016 01:00, -0.08391
07/16/2016 01:15, -0.0845
07/16/2016 01:30, -0.08391
07/16/2016 01:45, -0.08858
07/16/2016 02:00, -0.08391
07/16/2016 02:15, -0.08625
07/16/2016 02:30, -0.0845
07/16/2016 02:45, -0.0845
07/16/2016 03:00, -0.08825
07/16/2016 03:15, -0.08916
07/16/2016 03:30, -0.08566
07/16/2016 03:45, -0.08683
07/16/2016 04:00, -0.08683
07/16/2016 04:15, -0.08483
07/16/2016 04:30, -0.08916
07/16/2016 04:45, -0.0825
07/16/2016 05:00, -0.09125
07/16/2016 05:15, -0.0895
07/16/2016 05:30, -0.08775
07/16/2016 05:45, -0.08716
07/16/2016 06:00, -0.08716
07/16/2016 06:15, -0.0895
07/16/2016 06:30, -0.0895
07/16/2016 06:45, -0.09075
07/16/2016 07:00, -0.08983
07/16/2016 07:15, -0.0875
07/16/2016 07:30, -0.08808
07/16/2016 07:45, -0.08983
07/16/2016 08:00, -0.08858
07/16/2016 08:15, -0.08625
07/16/2016 08:30, -0.08858
07/16/2016 08:45, -0.0895
07/16/2016 09:00, -0.08775
07/16/2016 09:15, -0.08516
07/16/2016 09:30, -0.08691
07/16/2016 09:45, -0.08491
07/16/2016 10:00, -0.0885
07/16/2016 10:15, -0.08383
07/16/2016 10:30, -0.08441
07/16/2016 10:45, -0.08708
07/16/2016 11:00, -0.08783
07/16/2016 11:15, -0.08475
07/16/2016 11:30, -0.08266
07/16/2016 11:45, -0.08233
07/16/2016 12:00, -0.085
07/16/2016 12:15, -0.08533
07/16/2016 12:30, -0.08533
07/16/2016 12:45, -0.08533
07/16/2016 13:00, -0.08358
07/16/2016 13:15, -0.08158
07/16/2016 13:30, -0.07958
07/16/2016 13:45, -0.08425
07/16/2016 14:00, -0.08308
07/16/2016 14:15, -0.084
07/16/2016 14:30, -0.08058
07/16/2016 14:45, -0.08116
07/16/2016 15:00, -0.08291
07/16/2016 15:15, -0.08416
07/16/2016 15:30, -0.07916
07/16/2016 15:45, -0.08508
07/16/2016 16:00, -0.08333
07/16/2016 16:15, -0.0825
07/16/2016 16:30, -0.08283
07/16/2016 16:45, -0.08283
07/16/2016 17:00, -0.08391
07/16/2016 17:15, -0.08683
07/16/2016 17:30, -0.08075
07/16/2016 17:45, -0.08133
07/16/2016 18:00, -0.0825
07/16/2016 18:15, -0.08308
07/16/2016 18:30, -0.0825
07/16/2016 18:45, -0.08483
07/16/2016 19:00, -0.08891
07/16/2016 19:15, -0.079
07/16/2016 19:30, -0.08108
07/16/2016 19:45, -0.08133
07/16/2016 20:00, -0.08425
07/16/2016 20:15, -0.08191
07/16/2016 20:30, -0.08075
07/16/2016 20:45, -0.08075
07/16/2016 21:00, -0.08308
07/16/2016 21:15, -0.08341
07/16/2016 21:30, -0.08483
07/16/2016 21:45, -0.08108
07/16/2016 22:00, -0.08283
07/16/2016 22:15, -0.082
07/16/2016 22:30, -0.08525
07/16/2016 22:45, -0.08558
07/16/2016 23:00, -0.083
07/16/2016 23:15, -0.081
07/16/2016 23:30, -0.08391
07/16/2016 23:45, -0.08425
07/17/2016 00:00, -0.08258
07/17/2016 00:15, -0.08283
07/17/2016 00:30, -0.08783
07/17/2016 00:45, -0.08325
07/17/2016 01:00, -0.08266
07/17/2016 01:15, -0.083
07/17/2016 01:30, -0.08333
07/17/2016 01:45, -0.08391
07/17/2016 02:00, -0.08658
07/17/2016 02:15, -0.08516
07/17/2016 02:30, -0.08691
07/17/2016 02:45, -0.08525
07/17/2016 03:00, -0.08575
07/17/2016 03:15, -0.08433
07/17/2016 03:30, -0.087
07/17/2016 03:45, -0.0905
07/17/2016 04:00, -0.0885
07/17/2016 04:15, -0.08866
07/17/2016 04:30, -0.08691
07/17/2016 04:45, -0.08866
07/17/2016 05:00, -0.0855
07/17/2016 05:15, -0.0885
07/17/2016 05:30, -0.08675
07/17/2016 05:45, -0.08675
07/17/2016 06:00, -0.08675
07/17/2016 06:15, -0.0865
07/17/2016 06:30, -0.08758
07/17/2016 06:45, -0.08741
07/17/2016 07:00, -0.08566
07/17/2016 07:15, -0.09066
07/17/2016 07:30, -0.0875
07/17/2016 07:45, -0.08783
07/17/2016 08:00, -0.0865
07/17/2016 08:15, -0.08558
07/17/2016 08:30, -0.08733
07/17/2016 08:45, -0.09016
07/17/2016 09:00, -0.08983
07/17/2016 09:15, -0.08841
07/17/2016 09:30, -0.08775
07/17/2016 09:45, -0.08833
07/17/2016 10:00, -0.087
07/17/2016 10:15, -0.08558
07/17/2016 10:30, -0.08616
07/17/2016 10:45, -0.0885
07/17/2016 11:00, -0.08766
07/17/2016 11:15, -0.08583
07/17/2016 11:30, -0.08641
07/17/2016 11:45, -0.08333
07/17/2016 12:00, -0.08391
07/17/2016 12:15, -0.08916
07/17/2016 12:30, -0.08625
07/17/2016 12:45, -0.09116
07/17/2016 13:00, -0.08708
07/17/2016 13:15, -0.08708
07/17/2016 13:30, -0.08583
07/17/2016 13:45, -0.08816
07/17/2016 14:00, -0.08875
07/17/2016 14:15, -0.08691
07/17/2016 14:30, -0.0875
07/17/2016 14:45, -0.08658
07/17/2016 15:00, -0.08916
07/17/2016 15:15, -0.08566
07/17/2016 15:30, -0.08508
07/17/2016 15:45, -0.0875
07/17/2016 16:00, -0.08691
07/17/2016 16:15, -0.09033
07/17/2016 16:30, -0.08966
07/17/2016 16:45, -0.08558
07/17/2016 17:00, -0.08675
07/17/2016 17:15, -0.08558
07/17/2016 17:30, -0.08266
07/17/2016 17:45, -0.08408
07/17/2016 18:00, -0.08641
07/17/2016 18:15, -0.08466
07/17/2016 18:30, -0.08391
07/17/2016 18:45, -0.08275
07/17/2016 19:00, -0.08708
07/17/2016 19:15, -0.086
07/17/2016 19:30, -0.09008
07/17/2016 19:45, -0.0895
07/17/2016 20:00, -0.08716
07/17/2016 20:15, -0.08616
07/17/2016 20:30, -0.08616
07/17/2016 20:45, -0.08733
07/17/2016 21:00, -0.08266
07/17/2016 21:15, -0.08408
07/17/2016 21:30, -0.0855
07/17/2016 21:45, -0.08516
07/17/2016 22:00, -0.084
07/17/2016 22:15, -0.08858
07/17/2016 22:30, -0.08858
07/17/2016 22:45, -0.08625
07/17/2016 23:00, -0.08566
07/17/2016 23:15, -0.08808
07/17/2016 23:30, -0.08633
07/17/2016 23:45, -0.08833
07/18/2016 00:00, -0.08833
07/18/2016 00:15, -0.08891
07/18/2016 00:30, -0.08708
07/18/2016 00:45, -0.08533
07/18/2016 01:00, -0.09025
07/18/2016 01:15, -0.0885
07/18/2016 01:30, -0.08791
07/18/2016 01:45, -0.08616
07/18/2016 02:00, -0.08933
07/18/2016 02:15, -0.08991
07/18/2016 02:30, -0.09058
07/18/2016 02:45, -0.09175
07/18/2016 03:00, -0.08966
07/18/2016 03:15, -0.092
07/18/2016 03:30, -0.09216
07/18/2016 03:45, -0.09508
07/18/2016 04:00, -0.09041
07/18/2016 04:15, -0.08808
07/18/2016 04:30, -0.0895
07/18/2016 04:45, -0.09125
07/18/2016 05:00, -0.0895
07/18/2016 05:15, -0.09216
07/18/2016 05:30, -0.09341
07/18/2016 05:45, -0.0925
07/18/2016 06:00, -0.09016
07/18/2016 06:15, -0.08875
07/18/2016 06:30, -0.09008
07/18/2016 06:45, -0.0895
07/18/2016 07:00, -0.09033
07/18/2016 07:15, -0.09208
07/18/2016 07:30, -0.09208
07/18/2016 07:45, -0.08916
07/18/2016 08:00, -0.091
07/18/2016 08:15, -0.093
07/18/2016 08:30, -0.086
07/18/2016 08:45, -0.08708
07/18/2016 09:00, -0.09258
07/18/2016 09:15, -0.08908
07/18/2016 09:30, -0.08991
07/18/2016 09:45, -0.08725
07/18/2016 10:00, -0.089
07/18/2016 10:15, -0.089
07/18/2016 10:30, -0.08666
07/18/2016 10:45, -0.09275
07/18/2016 11:00, -0.09025
07/18/2016 11:15, -0.08933
07/18/2016 11:30, -0.09025
07/18/2016 11:45, -0.08525
07/18/2016 12:00, -0.09025
07/18/2016 12:15, -0.08791
07/18/2016 12:30, -0.08808
07/18/2016 12:45, -0.08616
07/18/2016 13:00, -0.089
07/18/2016 13:15, -0.08725
07/18/2016 13:30, -0.08725
07/18/2016 13:45, -0.09191
07/18/2016 14:00, -0.08958
07/18/2016 14:15, -0.08291
07/18/2016 14:30, -0.08491
07/18/2016 14:45, -0.08291
07/18/2016 15:00, -0.08525
07/18/2016 15:15, -0.08875
07/18/2016 15:30, -0.08816
07/18/2016 15:45, -0.0815
07/18/2016 16:00, -0.08208
07/18/2016 16:15, -0.08241
07/18/2016 16:30, -0.083
07/18/2016 16:45, -0.08158
07/18/2016 17:00, -0.08158
07/18/2016 17:15, -0.08391
07/18/2016 17:30, -0.08333
07/18/2016 17:45, -0.08516
07/18/2016 18:00, -0.08625
07/18/2016 18:15, -0.08608
07/18/2016 18:30, -0.08608
07/18/2016 18:45, -0.08175
07/18/2016 19:00, -0.08783
07/18/2016 19:15, -0.08841
07/18/2016 19:30, -0.08375
07/18/2016 19:45, -0.08725
07/18/2016 20:00, -0.08858
07/18/2016 20:15, -0.08683
07/18/2016 20:30, -0.08858
07/18/2016 20:45, -0.08683
07/18/2016 21:00, -0.08858
07/18/2016 21:15, -0.088
07/18/2016 21:30, -0.08975
07/18/2016 21:45, -0.08858
07/18/2016 22:00, -0.09
07/18/2016 22:15, -0.08741
07/18/2016 22:30, -0.08825
07/18/2016 22:45, -0.08475
07/18/2016 23:00, -0.08908
07/18/2016 23:15, -0.08908
07/18/2016 23:30, -0.0885
07/18/2016 23:45, -0.09283
07/19/2016 00:00, -0.08791
07/19/2016 00:15, -0.0905
07/19/2016 00:30, -0.0905
07/19/2016 00:45, -0.08875
07/19/2016 01:00, -0.08791
07/19/2016 01:15, -0.08908
07/19/2016 01:30, -0.09258
07/19/2016 01:45, -0.08908
07/19/2016 02:00, -0.09408
07/19/2016 02:15, -0.09
07/19/2016 02:30, -0.08975
07/19/2016 02:45, -0.09175
07/19/2016 03:00, -0.09
07/19/2016 03:15, -0.09158
07/19/2016 03:30, -0.09533
07/19/2016 03:45, -0.09158
07/19/2016 04:00, -0.08983
07/19/2016 04:15, -0.091
07/19/2016 04:30, -0.08858
07/19/2016 04:45, -0.09325
07/19/2016 05:00, -0.09116
07/19/2016 05:15, -0.09175
07/19/2016 05:30, -0.09175
07/19/2016 05:45, -0.08675
07/19/2016 06:00, -0.094
07/19/2016 06:15, -0.09025
07/19/2016 06:30, -0.09083
07/19/2016 06:45, -0.09025
07/19/2016 07:00, -0.09441
07/19/2016 07:15, -0.09558
07/19/2016 07:30, -0.093
07/19/2016 07:45, -0.09533
07/19/2016 08:00, -0.091
07/19/2016 08:15, -0.09158
07/19/2016 08:30, -0.095
07/19/2016 08:45, -0.09033
07/19/2016 09:00, -0.09091
07/19/2016 09:15, -0.09033
07/19/2016 09:30, -0.08958
07/19/2016 09:45, -0.09191
07/19/2016 10:00, -0.089
07/19/2016 10:15, -0.08816
07/19/2016 10:30, -0.09108
07/19/2016 10:45, -0.08675
07/19/2016 11:00, -0.08966
07/19/2016 11:15, -0.08733
07/19/2016 11:30, -0.08825
07/19/2016 11:45, -0.08858
07/19/2016 12:00, -0.08683
07/19/2016 12:15, -0.08975
07/19/2016 12:30, -0.09033
07/19/2016 12:45, -0.08658
07/19/2016 13:00, -0.08533
07/19/2016 13:15, -0.08708
07/19/2016 13:30, -0.09
07/19/2016 13:45, -0.08566
07/19/2016 14:00, -0.08391
07/19/2016 14:15, -0.08158
07/19/2016 14:30, -0.08308
07/19/2016 14:45, -0.08166
07/19/2016 15:00, -0.08516
07/19/2016 15:15, -0.08141
07/19/2016 15:30, -0.08141
07/19/2016 15:45, -0.08175
07/19/2016 16:00, -0.08091
07/19/2016 16:15, -0.0815
07/19/2016 16:30, -0.08208
07/19/2016 16:45, -0.08008
07/19/2016 17:00, -0.07975
07/19/2016 17:15, -0.08241
07/19/2016 17:30, -0.08008
07/19/2016 17:45, -0.08275
07/19/2016 18:00, -0.07925
07/19/2016 18:15, -0.07866
07/19/2016 18:30, -0.07791
07/19/2016 18:45, -0.08116
07/19/2016 19:00, -0.07941
07/19/2016 19:15, -0.08208
07/19/2016 19:30, -0.08266
07/19/2016 19:45, -0.0865
07/19/2016 20:00, -0.07925
07/19/2016 20:15, -0.08275
07/19/2016 20:30, -0.08566
07/19/2016 20:45, -0.08391
07/19/2016 21:00, -0.07983
07/19/2016 21:15, -0.08475
07/19/2016 21:30, -0.08066
07/19/2016 21:45, -0.08266
07/19/2016 22:00, -0.08241
07/19/2016 22:15, -0.08208
07/19/2016 22:30, -0.08125
07/19/2016 22:45, -0.081
07/19/2016 23:00, -0.08016
07/19/2016 23:15, -0.07925
07/19/2016 23:30, -0.08475
07/19/2016 23:45, -0.08508
07/20/2016 00:00, -0.08275
07/20/2016 00:15, -0.08125
07/20/2016 00:30, -0.08275
07/20/2016 00:45, -0.08591
07/20/2016 01:00, -0.08266
07/20/2016 01:15, -0.08225
07/20/2016 01:30, -0.08225
07/20/2016 01:45, -0.08225
07/20/2016 02:00, -0.08233
07/20/2016 02:15, -0.08466
07/20/2016 02:30, -0.08433
07/20/2016 02:45, -0.08508
07/20/2016 03:00, -0.0885
07/20/2016 03:15, -0.0835
07/20/2016 03:30, -0.08291
07/20/2016 03:45, -0.08725
07/20/2016 04:00, -0.08633
07/20/2016 04:15, -0.08633
07/20/2016 04:30, -0.09108
07/20/2016 04:45, -0.08816
07/20/2016 05:00, -0.08583
07/20/2016 05:15, -0.087
07/20/2016 05:30, -0.086
07/20/2016 05:45, -0.08458
07/20/2016 06:00, -0.08325
07/20/2016 06:15, -0.08616
07/20/2016 06:30, -0.0865
07/20/2016 06:45, -0.08883
07/20/2016 07:00, -0.08583
07/20/2016 07:15, -0.08641
07/20/2016 07:30, -0.08766
07/20/2016 07:45, -0.08858
07/20/2016 08:00, -0.08541
07/20/2016 08:15, -0.08658
07/20/2016 08:30, -0.08458
07/20/2016 08:45, -0.08833
07/20/2016 09:00, -0.08633
07/20/2016 09:15, -0.08691
07/20/2016 09:30, -0.08416
07/20/2016 09:45, -0.083
07/20/2016 10:00, -0.08533
07/20/2016 10:15, -0.0845
07/20/2016 10:30, -0.08308
07/20/2016 10:45, -0.08466
07/20/2016 11:00, -0.08291
07/20/2016 11:15, -0.08216
07/20/2016 11:30, -0.08541
07/20/2016 11:45, -0.08633
07/20/2016 12:00, -0.08091
07/20/2016 12:15, -0.08416
07/20/2016 12:30, -0.08316
07/20/2016 12:45, -0.08258
07/20/2016 13:00, -0.0835
07/20/2016 13:15, -0.08116
07/20/2016 13:30, -0.08425
07/20/2016 13:45, -0.07725
07/20/2016 14:00, -0.07891
07/20/2016 14:15, -0.07716
07/20/2016 14:30, -0.07925
07/20/2016 14:45, -0.08158
07/20/2016 15:00, -0.0785
07/20/2016 15:15, -0.08175
07/20/2016 15:30, -0.078
07/20/2016 15:45, -0.07933
07/20/2016 16:00, -0.08108
07/20/2016 16:15, -0.077
07/20/2016 16:30, -0.08308
07/20/2016 16:45, -0.07933
07/20/2016 17:00, -0.08325
07/20/2016 17:15, -0.083
07/20/2016 17:30, -0.08225
07/20/2016 17:45, -0.07883
07/20/2016 18:00, -0.08041
07/20/2016 18:15, -0.08041
07/20/2016 18:30, -0.07841
07/20/2016 18:45, -0.08016
07/20/2016 19:00, -0.08075
07/20/2016 19:15, -0.07608
07/20/2016 19:30, -0.08133
07/20/2016 19:45, -0.08066
07/20/2016 20:00, -0.083
07/20/2016 20:15, -0.0825
07/20/2016 20:30, -0.08016
07/20/2016 20:45, -0.08075
07/20/2016 21:00, -0.0835
07/20/2016 21:15, -0.08316
07/20/2016 21:30, -0.08316
07/20/2016 21:45, -0.08216
07/20/2016 22:00, -0.08125
07/20/2016 22:15, -0.08533
07/20/2016 22:30, -0.08566
07/20/2016 22:45, -0.08216
07/20/2016 23:00, -0.0835
07/20/2016 23:15, -0.08258
07/20/2016 23:30, -0.08308
07/20/2016 23:45, -0.08366
07/21/2016 00:00, -0.0845
07/21/2016 00:15, -0.08483
07/21/2016 00:30, -0.08175
07/21/2016 00:45, -0.08441
07/21/2016 01:00, -0.08675
07/21/2016 01:15, -0.08366
07/21/2016 01:30, -0.08166
07/21/2016 01:45, -0.08566
07/21/2016 02:00, -0.08475
07/21/2016 02:15, -0.08475
07/21/2016 02:30, -0.08633
07/21/2016 02:45, -0.08308
07/21/2016 03:00, -0.08916
07/21/2016 03:15, -0.08708
07/21/2016 03:30, -0.0885
07/21/2016 03:45, -0.08941
07/21/2016 04:00, -0.08783
07/21/2016 04:15, -0.08758
07/21/2016 04:30, -0.08741
07/21/2016 04:45, -0.09116
07/21/2016 05:00, -0.08758
07/21/2016 05:15, -0.08616
07/21/2016 05:30, -0.08725
07/21/2016 05:45, -0.09041
07/21/2016 06:00, -0.08891
07/21/2016 06:15, -0.08975
07/21/2016 06:30, -0.089
07/21/2016 06:45, -0.08666
07/21/2016 07:00, -0.08941
07/21/2016 07:15, -0.09041
07/21/2016 07:30, -0.08608
07/21/2016 07:45, -0.09175
07/21/2016 08:00, -0.09075
07/21/2016 08:15, -0.08958
07/21/2016 08:30, -0.087
07/21/2016 08:45, -0.08666
07/21/2016 09:00, -0.08808
07/21/2016 09:15, -0.08633
07/21/2016 09:30, -0.0885
07/21/2016 09:45, -0.08791
07/21/2016 10:00, -0.08775
07/21/2016 10:15, -0.08891
07/21/2016 10:30, -0.08508
07/21/2016 10:45, -0.086
07/21/2016 11:00, -0.08833
07/21/2016 11:15, -0.08658
07/21/2016 11:30, -0.08291
07/21/2016 11:45, -0.08483
07/21/2016 12:00, -0.08541
07/21/2016 12:15, -0.08033
07/21/2016 12:30, -0.08175
07/21/2016 12:45, -0.08075
07/21/2016 13:00, -0.07841
07/21/2016 13:15, -0.08366
07/21/2016 13:30, -0.07975
07/21/2016 13:45, -0.078
07/21/2016 14:00, -0.07933
07/21/2016 14:15, -0.079
07/21/2016 14:30, -0.08441
07/21/2016 14:45, -0.07758
07/21/2016 15:00, -0.0805
07/21/2016 15:15, -0.07758
07/21/2016 15:30, -0.08025
07/21/2016 15:45, -0.083
07/21/2016 16:00, -0.0785
07/21/2016 16:15, -0.08058
07/21/2016 16:30, -0.07825
07/21/2016 16:45, -0.07866
07/21/2016 17:00, -0.08041
07/21/2016 17:15, -0.07683
07/21/2016 17:30, -0.07858
07/21/2016 17:45, -0.07916
07/21/2016 18:00, -0.07983
07/21/2016 18:15, -0.079
07/21/2016 18:30, -0.07725
07/21/2016 18:45, -0.0815
07/21/2016 19:00, -0.0815
07/21/2016 19:15, -0.08116
07/21/2016 19:30, -0.08
07/21/2016 19:45, -0.08433
07/21/2016 20:00, -0.081
07/21/2016 20:15, -0.08275
07/21/2016 20:30, -0.08433
07/21/2016 20:45, -0.08258
07/21/2016 21:00, -0.08333
07/21/2016 21:15, -0.08241
07/21/2016 21:30, -0.08066
07/21/2016 21:45, -0.08266
07/21/2016 22:00, -0.08033
07/21/2016 22:15, -0.08483
07/21/2016 22:30, -0.08541
07/21/2016 22:45, -0.08525
07/21/2016 23:00, -0.08483
07/21/2016 23:15, -0.08075
07/21/2016 23:30, -0.08483
07/21/2016 23:45, -0.08783
07/22/2016 00:00, -0.08666
07/22/2016 00:15, -0.08533
07/22/2016 00:30, -0.08825
07/22/2016 00:45, -0.08925
07/22/2016 01:00, -0.08866
07/22/2016 01:15, -0.08666
07/22/2016 01:30, -0.08766
07/22/2016 01:45, -0.08808
07/22/2016 02:00, -0.08533
07/22/2016 02:15, -0.08675
07/22/2016 02:30, -0.08908
07/22/2016 02:45, -0.08675
07/22/2016 03:00, -0.08791
07/22/2016 03:15, -0.08708
07/22/2016 03:30, -0.0885
07/22/2016 03:45, -0.08775
07/22/2016 04:00, -0.08966
07/22/2016 04:15, -0.08633
07/22/2016 04:30, -0.08633
07/22/2016 04:45, -0.09066
07/22/2016 05:00, -0.08591
07/22/2016 05:15, -0.08533
07/22/2016 05:30, -0.08633
07/22/2016 05:45, -0.08941
07/22/2016 06:00, -0.08791
07/22/2016 06:15, -0.08908
07/22/2016 06:30, -0.08891
07/22/2016 06:45, -0.0885
07/22/2016 07:00, -0.08833
07/22/2016 07:15, -0.09266
07/22/2016 07:30, -0.08908
07/22/2016 07:45, -0.0885
07/22/2016 08:00, -0.0895
07/22/2016 08:15, -0.09108
07/22/2016 08:30, -0.08966
07/22/2016 08:45, -0.09183
07/22/2016 09:00, -0.08808
07/22/2016 09:15, -0.08866
07/22/2016 09:30, -0.08766
07/22/2016 09:45, -0.08766
07/22/2016 10:00, -0.08825
07/22/2016 10:15, -0.08633
07/22/2016 10:30, -0.09
07/22/2016 10:45, -0.08591
07/22/2016 11:00, -0.084
07/22/2016 11:15, -0.08633
07/22/2016 11:30, -0.08166
07/22/2016 11:45, -0.08475
07/22/2016 12:00, -0.08066
07/22/2016 12:15, -0.08225
07/22/2016 12:30, -0.08125
07/22/2016 12:45, -0.08358
07/22/2016 13:00, -0.08083
07/22/2016 13:15, -0.08025
07/22/2016 13:30, -0.08083
07/22/2016 13:45, -0.08275
07/22/2016 14:00, -0.0755
07/22/2016 14:15, -0.07783
07/22/2016 14:30, -0.07841
07/22/2016 14:45, -0.07975
07/22/2016 15:00, -0.08291
07/22/2016 15:15, -0.07425
07/22/2016 15:30, -0.07716
07/22/2016 15:45, -0.0795
07/22/2016 16:00, -0.08133
07/22/2016 16:15, -0.07816
07/22/2016 16:30, -0.07891
07/22/2016 16:45, -0.07458
07/22/2016 17:00, -0.0785
07/22/2016 17:15, -0.07533
07/22/2016 17:30, -0.08058
07/22/2016 17:45, -0.07391
07/22/2016 18:00, -0.07683
07/22/2016 18:15, -0.07683
07/22/2016 18:30, -0.07858
07/22/2016 18:45, -0.07741
07/22/2016 19:00, -0.08033
07/22/2016 19:15, -0.08208
07/22/2016 19:30, -0.07833
07/22/2016 19:45, -0.08241
07/22/2016 20:00, -0.083
07/22/2016 20:15, -0.08333
07/22/2016 20:30, -0.08066
07/22/2016 20:45, -0.08333
07/22/2016 21:00, -0.083
07/22/2016 21:15, -0.08475
07/22/2016 21:30, -0.08383
07/22/2016 21:45, -0.08325
07/22/2016 22:00, -0.08291
07/22/2016 22:15, -0.08475
07/22/2016 22:30, -0.08475
07/22/2016 22:45, -0.08616
07/22/2016 23:00, -0.0865
07/22/2016 23:15, -0.0865
07/22/2016 23:30, -0.08383
07/22/2016 23:45, -0.08558
07/23/2016 00:00, -0.08616
07/23/2016 00:15, -0.08383
07/23/2016 00:30, -0.08675
07/23/2016 00:45, -0.0885
07/23/2016 01:00, -0.0885
07/23/2016 01:15, -0.08516
07/23/2016 01:30, -0.09041
07/23/2016 01:45, -0.08808
07/23/2016 02:00, -0.08808
07/23/2016 02:15, -0.09041
07/23/2016 02:30, -0.09041
07/23/2016 02:45, -0.08808
07/23/2016 03:00, -0.08983
07/23/2016 03:15, -0.08808
07/23/2016 03:30, -0.08575
07/23/2016 03:45, -0.09375
07/23/2016 04:00, -0.09083
07/23/2016 04:15, -0.09041
07/23/2016 04:30, -0.08841
07/23/2016 04:45, -0.0915
07/23/2016 05:00, -0.09208
07/23/2016 05:15, -0.09033
07/23/2016 05:30, -0.09325
07/23/2016 05:45, -0.09166
07/23/2016 06:00, -0.08816
07/23/2016 06:15, -0.09458
07/23/2016 06:30, -0.08991
07/23/2016 06:45, -0.09383
07/23/2016 07:00, -0.093
07/23/2016 07:15, -0.09183
07/23/2016 07:30, -0.09491
07/23/2016 07:45, -0.09358
07/23/2016 08:00, -0.09325
07/23/2016 08:15, -0.09125
07/23/2016 08:30, -0.08933
07/23/2016 08:45, -0.09091
07/23/2016 09:00, -0.09408
07/23/2016 09:15, -0.09
07/23/2016 09:30, -0.08933
07/23/2016 09:45, -0.08966
07/23/2016 10:00, -0.08783
07/23/2016 10:15, -0.08875
07/23/2016 10:30, -0.08875
07/23/2016 10:45, -0.09258
07/23/2016 11:00, -0.08825
07/23/2016 11:15, -0.08275
07/23/2016 11:30, -0.08466
07/23/2016 11:45, -0.08433
07/23/2016 12:00, -0.07875
07/23/2016 12:15, -0.07783
07/23/2016 12:30, -0.08608
07/23/2016 12:45, -0.0855
07/23/2016 13:00, -0.08608
07/23/2016 13:15, -0.08391
07/23/2016 13:30, -0.08766
07/23/2016 13:45, -0.08741
07/23/2016 14:00, -0.08716
07/23/2016 14:15, -0.08708
07/23/2016 14:30, -0.08683
07/23/2016 14:45, -0.09033
07/23/2016 15:00, -0.0865
07/23/2016 15:15, -0.08741
07/23/2016 15:30, -0.088
07/23/2016 15:45, -0.08858
07/23/2016 16:00, -0.08825
07/23/2016 16:15, -0.09116
07/23/2016 16:30, -0.09058
07/23/2016 16:45, -0.08741
07/23/2016 17:00, -0.08858
07/23/2016 17:15, -0.09033
07/23/2016 17:30, -0.08833
07/23/2016 17:45, -0.08775
07/23/2016 18:00, -0.08658
07/23/2016 18:15, -0.08733
07/23/2016 18:30, -0.089
07/23/2016 18:45, -0.08725
07/23/2016 19:00, -0.08591
07/23/2016 19:15, -0.08708
07/23/2016 19:30, -0.08508
07/23/2016 19:45, -0.08875
07/23/2016 20:00, -0.08741
07/23/2016 20:15, -0.08875
07/23/2016 20:30, -0.086
07/23/2016 20:45, -0.09025
07/23/2016 21:00, -0.092
07/23/2016 21:15, -0.08966
07/23/2016 21:30, -0.092
07/23/2016 21:45, -0.09233
07/23/2016 22:00, -0.09016
07/23/2016 22:15, -0.09033
07/23/2016 22:30, -0.09033
07/23/2016 22:45, -0.09233
07/23/2016 23:00, -0.09033
07/23/2016 23:15, -0.09091
07/23/2016 23:30, -0.09325
07/23/2016 23:45, -0.09358
07/24/2016 00:00, -0.09066
07/24/2016 00:15, -0.09275
07/24/2016 00:30, -0.09541
07/24/2016 00:45, -0.09133
07/24/2016 01:00, -0.09041
07/24/2016 01:15, -0.09425
07/24/2016 01:30, -0.09466
07/24/2016 01:45, -0.09691
07/24/2016 02:00, -0.0905
07/24/2016 02:15, -0.09375
07/24/2016 02:30, -0.09141
07/24/2016 02:45, -0.092
07/24/2016 03:00, -0.09375
07/24/2016 03:15, -0.09408
07/24/2016 03:30, -0.09291
07/24/2016 03:45, -0.09758
07/24/2016 04:00, -0.09375
07/24/2016 04:15, -0.09408
07/24/2016 04:30, -0.09091
07/24/2016 04:45, -0.093
07/24/2016 05:00, -0.09158
07/24/2016 05:15, -0.09216
07/24/2016 05:30, -0.09158
07/24/2016 05:45, -0.09125
07/24/2016 06:00, -0.0895
07/24/2016 06:15, -0.09158
07/24/2016 06:30, -0.09358
07/24/2016 06:45, -0.09158
07/24/2016 07:00, -0.09391
07/24/2016 07:15, -0.09125
07/24/2016 07:30, -0.093
07/24/2016 07:45, -0.09383
07/24/2016 08:00, -0.09325
07/24/2016 08:15, -0.08916
07/24/2016 08:30, -0.088
07/24/2016 08:45, -0.09091
07/24/2016 09:00, -0.09033
07/24/2016 09:15, -0.08683
07/24/2016 09:30, -0.08958
07/24/2016 09:45, -0.08866
07/24/2016 10:00, -0.08866
07/24/2016 10:15, -0.0875
07/24/2016 10:30, -0.08575
07/24/2016 10:45, -0.08691
07/24/2016 11:00, -0.08341
07/24/2016 11:15, -0.08716
07/24/2016 11:30, -0.084
07/24/2016 11:45, -0.08441
07/24/2016 12:00, -0.08441
07/24/2016 12:15, -0.08675
07/24/2016 12:30, -0.08991
07/24/2016 12:45, -0.0895
07/24/2016 13:00, -0.086
07/24/2016 13:15, -0.08541
07/24/2016 13:30, -0.08775
07/24/2016 13:45, -0.08916
07/24/2016 14:00, -0.08675
07/24/2016 14:15, -0.08816
07/24/2016 14:30, -0.08641
07/24/2016 14:45, -0.08266
07/24/2016 15:00, -0.08441
07/24/2016 15:15, -0.08316
07/24/2016 15:30, -0.08575
07/24/2016 15:45, -0.08691
07/24/2016 16:00, -0.08516
07/24/2016 16:15, -0.08133
07/24/2016 16:30, -0.08741
07/24/2016 16:45, -0.08483
07/24/2016 17:00, -0.08541
07/24/2016 17:15, -0.08541
07/24/2016 17:30, -0.08741
07/24/2016 17:45, -0.08916
07/24/2016 18:00, -0.08508
07/24/2016 18:15, -0.09191
07/24/2016 18:30, -0.08991
07/24/2016 18:45, -0.08991
07/24/2016 19:00, -0.08858
07/24/2016 19:15, -0.08658
07/24/2016 19:30, -0.086
07/24/2016 19:45, -0.08758
07/24/2016 20:00, -0.08758
07/24/2016 20:15, -0.089
07/24/2016 20:30, -0.09133
07/24/2016 20:45, -0.09075
07/24/2016 21:00, -0.09275
07/24/2016 21:15, -0.09158
07/24/2016 21:30, -0.09591
07/24/2016 21:45, -0.09416
07/24/2016 22:00, -0.09358
07/24/2016 22:15, -0.09325
07/24/2016 22:30, -0.09325
07/24/2016 22:45, -0.09325
07/24/2016 23:00, -0.09325
07/24/2016 23:15, -0.09425
07/24/2016 23:30, -0.09191
07/24/2016 23:45, -0.09191
07/25/2016 00:00, -0.0925
07/25/2016 00:15, -0.09366
07/25/2016 00:30, -0.09625
07/25/2016 00:45, -0.09508
07/25/2016 01:00, -0.09333
07/25/2016 01:15, -0.08825
07/25/2016 01:30, -0.09233
07/25/2016 01:45, -0.09433
07/25/2016 02:00, -0.09533
07/25/2016 02:15, -0.09141
07/25/2016 02:30, -0.09575
07/25/2016 02:45, -0.09441
07/25/2016 03:00, -0.09375
07/25/2016 03:15, -0.09516
07/25/2016 03:30, -0.09875
07/25/2016 03:45, -0.09616
07/25/2016 04:00, -0.09816
07/25/2016 04:15, -0.09758
07/25/2016 04:30, -0.09758
07/25/2016 04:45, -0.09933
07/25/2016 05:00, -0.09466
07/25/2016 05:15, -0.097
07/25/2016 05:30, -0.09666
07/25/2016 05:45, -0.09808
07/25/2016 06:00, -0.09808
07/25/2016 06:15, -0.0965
07/25/2016 06:30, -0.09558
07/25/2016 06:45, -0.095
07/25/2016 07:00, -0.09758
07/25/2016 07:15, -0.09525
07/25/2016 07:30, -0.09583
07/25/2016 07:45, -0.09383
07/25/2016 08:00, -0.09733
07/25/2016 08:15, -0.09525
07/25/2016 08:30, -0.09758
07/25/2016 08:45, -0.09091
07/25/2016 09:00, -0.09058
07/25/2016 09:15, -0.09058
07/25/2016 09:30, -0.09175
07/25/2016 09:45, -0.09175
07/25/2016 10:00, -0.09058
07/25/2016 10:15, -0.089
07/25/2016 10:30, -0.088
07/25/2016 10:45, -0.09075
07/25/2016 11:00, -0.08725
07/25/2016 11:15, -0.08758
07/25/2016 11:30, -0.09191
07/25/2016 11:45, -0.09191
07/25/2016 12:00, -0.09458
07/25/2016 12:15, -0.09225
07/25/2016 12:30, -0.09341
07/25/2016 12:45, -0.0955
07/25/2016 13:00, -0.09
07/25/2016 13:15, -0.09291
07/25/2016 13:30, -0.09058
07/25/2016 13:45, -0.08858
07/25/2016 14:00, -0.0915
07/25/2016 14:15, -0.08916
07/25/2016 14:30, -0.09075
07/25/2016 14:45, -0.08775
07/25/2016 15:00, -0.09183
07/25/2016 15:15, -0.08775
07/25/2016 15:30, -0.08833
07/25/2016 15:45, -0.08866
07/25/2016 16:00, -0.08925
07/25/2016 16:15, -0.08866
07/25/2016 16:30, -0.091
07/25/2016 16:45, -0.08925
07/25/2016 17:00, -0.089
